Unnamed: 0,StartDate,EndDate,Progress,Duration (in seconds),RecordedDate,ResponseId,polarization_1,polarization_2,polarization_3,polarization_4,polarization_5,polarization_6,polarization_7,polarization_8,polarization_9,polarization_10,polarization_11,polarization_12,polarization_13,polarization_14,polarization_15,polarization_16,polarization_17,polarization_18,polarization_19,polarization_20,polarization_21,polarization_22,polarization_23,polarization_24,polarization_25,polarization_26,polarization_27,polarization_28,polarization_29,polarization_30,polarization_31,polarization_32,polarization_33,polarization_34,polarization_35,polarization_36,polarization_37,polarization_38,polarization_39,polarization_40,polarization_DO,Personal_1,Personal_2,Personal_3,Personal_4_1,Personal_4_2,Personal_4_3,Personal_4_4,Personal_4_5,Personal_4_6,Personal_4_7,Personal_4_8,Personal_4_9,Personal_4_10,Personal_4_11,Personal_4_12,Personal_4_13,Personal_4_14,Personal_4_15,Personal_4_16,Personal_4_17,Personal_4_18,Personal_4_19,Personal_4_20,Personal_4_21,Personal_4_22,Personal_4_23,Personal_4_24,Personal_4_25,Personal_4_26,Personal_4_27,Personal_4_28,Personal_4_29,Personal_4_30,Personal_4_31,Personal_4_32,Personal_4_33,Personal_4_34,Personal_4_35,Personal_4_36,Personal_4_37,Personal_4_38,Personal_4_39,Personal_4_40,Personal_4_DO,Personal_5,Personal_6,Personal_7,Personal_8
0,Start Date,End Date,Progress,Duration (in seconds),Recorded Date,Response ID,"Please read the following definition of Political Polarization: A news topic is considered politically polarized if Democrats and Republicans hold strongly opposing views on the topic.


Now, rate how politically polarized the news coverage on the following topics is: - Israel","Please read the following definition of Political Polarization: A news topic is considered politically polarized if Democrats and Republicans hold strongly opposing views on the topic.


Now, rate how politically polarized the news coverage on the following topics is: - Architecture","Please read the following definition of Political Polarization: A news topic is considered politically polarized if Democrats and Republicans hold strongly opposing views on the topic.


Now, rate how politically polarized the news coverage on the following topics is: - World News","Please read the following definition of Political Polarization: A news topic is considered politically polarized if Democrats and Republicans hold strongly opposing views on the topic.


Now, rate how politically polarized the news coverage on the following topics is: - Food","Please read the following definition of Political Polarization: A news topic is considered politically polarized if Democrats and Republicans hold strongly opposing views on the topic.


Now, rate how politically polarized the news coverage on the following topics is: - Joe Biden","Please read the following definition of Political Polarization: A news topic is considered politically polarized if Democrats and Republicans hold strongly opposing views on the topic.


Now, rate how politically polarized the news coverage on the following topics is: - Elections","Please read the following definition of Political Polarization: A news topic is considered politically polarized if Democrats and Republicans hold strongly opposing views on the topic.


Now, rate how politically polarized the news coverage on the following topics is: - Emotions and Feelings","Please read the following definition of Political Polarization: A news topic is considered politically polarized if Democrats and Republicans hold strongly opposing views on the topic.


Now, rate how politically polarized the news coverage on the following topics is: - Music/Movies","Please read the following definition of Political Polarization: A news topic is considered politically polarized if Democrats and Republicans hold strongly opposing views on the topic.


Now, rate how politically polarized the news coverage on the following topics is: - Science","Please read the following definition of Political Polarization: A news topic is considered politically polarized if Democrats and Republicans hold strongly opposing views on the topic.


Now, rate how politically polarized the news coverage on the following topics is: - Supreme Court and Judicial System","Please read the following definition of Political Polarization: A news topic is considered politically polarized if Democrats and Republicans hold strongly opposing views on the topic.


Now, rate how politically polarized the news coverage on the following topics is: - Black Lives Matter","Please read the following definition of Political Polarization: A news topic is considered politically polarized if Democrats and Republicans hold strongly opposing views on the topic.


Now, rate how politically polarized the news coverage on the following topics is: - Books","Please read the following definition of Political Polarization: A news topic is considered politically polarized if Democrats and Republicans hold strongly opposing views on the topic.


Now, rate how politically polarized the news coverage on the following topics is: - Real Estate","Please read the following definition of Political Polarization: A news topic is considered politically polarized if Democrats and Republicans hold strongly opposing views on the topic.


Now, rate how politically polarized the news coverage on the following topics is: - New York City","Please read the following definition of Political Polarization: A news topic is considered politically polarized if Democrats and Republicans hold strongly opposing views on the topic.


Now, rate how politically polarized the news coverage on the following topics is: - Public Health and Medicine","Please read the following definition of Political Polarization: A news topic is considered politically polarized if Democrats and Republicans hold strongly opposing views on the topic.


Now, rate how politically polarized the news coverage on the following topics is: - Coronavirus Pandemic","Please read the following definition of Political Polarization: A news topic is considered politically polarized if Democrats and Republicans hold strongly opposing views on the topic.


Now, rate how politically polarized the news coverage on the following topics is: - Pets and Animals","Please read the following definition of Political Polarization: A news topic is considered politically polarized if Democrats and Republicans hold strongly opposing views on the topic.


Now, rate how politically polarized the news coverage on the following topics is: - Sports","Please read the following definition of Political Polarization: A news topic is considered politically polarized if Democrats and Republicans hold strongly opposing views on the topic.


Now, rate how politically polarized the news coverage on the following topics is: - Russia (e.g., influence on US election, Ukraine)","Please read the following definition of Political Polarization: A news topic is considered politically polarized if Democrats and Republicans hold strongly opposing views on the topic.


Now, rate how politically polarized the news coverage on the following topics is: - Women's Issues and Sexual Harassment","Please read the following definition of Political Polarization: A news topic is considered politically polarized if Democrats and Republicans hold strongly opposing views on the topic.


Now, rate how politically polarized the news coverage on the following topics is: - Judaism","Please read the following definition of Political Polarization: A news topic is considered politically polarized if Democrats and Republicans hold strongly opposing views on the topic.


Now, rate how politically polarized the news coverage on the following topics is: - Politics","Please read the following definition of Political Polarization: A news topic is considered politically polarized if Democrats and Republicans hold strongly opposing views on the topic.


Now, rate how politically polarized the news coverage on the following topics is: - Nature","Please read the following definition of Political Polarization: A news topic is considered politically polarized if Democrats and Republicans hold strongly opposing views on the topic.


Now, rate how politically polarized the news coverage on the following topics is: - Power, Energy Supply, and Climate","Please read the following definition of Political Polarization: A news topic is considered politically polarized if Democrats and Republicans hold strongly opposing views on the topic.


Now, rate how politically polarized the news coverage on the following topics is: - China, India, International Travel","Please read the following definition of Political Polarization: A news topic is considered politically polarized if Democrats and Republicans hold strongly opposing views on the topic.


Now, rate how politically polarized the news coverage on the following topics is: - Education and School System","Please read the following definition of Political Polarization: A news topic is considered politically polarized if Democrats and Republicans hold strongly opposing views on the topic.


Now, rate how politically polarized the news coverage on the following topics is: - American Military Forces, War/Conflict","Please read the following definition of Political Polarization: A news topic is considered politically polarized if Democrats and Republicans hold strongly opposing views on the topic.


Now, rate how politically polarized the news coverage on the following topics is: - Business","Please read the following definition of Political Polarization: A news topic is considered politically polarized if Democrats and Republicans hold strongly opposing views on the topic.


Now, rate how politically polarized the news coverage on the following topics is: - Family (e.g., parents, children, love)","Please read the following definition of Political Polarization: A news topic is considered politically polarized if Democrats and Republicans hold strongly opposing views on the topic.


Now, rate how politically polarized the news coverage on the following topics is: - Christianity and Church","Please read the following definition of Political Polarization: A news topic is considered politically polarized if Democrats and Republicans hold strongly opposing views on the topic.


Now, rate how politically polarized the news coverage on the following topics is: - Political Investigations (e.g., Donald Trump impeachment)","Please read the following definition of Political Polarization: A news topic is considered politically polarized if Democrats and Republicans hold strongly opposing views on the topic.


Now, rate how politically polarized the news coverage on the following topics is: - Covid Protection","Please read the following definition of Political Polarization: A news topic is considered politically polarized if Democrats and Republicans hold strongly opposing views on the topic.


Now, rate how politically polarized the news coverage on the following topics is: - Donald Trump","Please read the following definition of Political Polarization: A news topic is considered politically polarized if Democrats and Republicans hold strongly opposing views on the topic.


Now, rate how politically polarized the news coverage on the following topics is: - Horse Racing and Farms","Please read the following definition of Political Polarization: A news topic is considered politically polarized if Democrats and Republicans hold strongly opposing views on the topic.


Now, rate how politically polarized the news coverage on the following topics is: - Health Research, Lifestyle Advice","Please read the following definition of Political Polarization: A news topic is considered politically polarized if Democrats and Republicans hold strongly opposing views on the topic.


Now, rate how politically polarized the news coverage on the following topics is: - Covid Vaccine","Please read the following definition of Political Polarization: A news topic is considered politically polarized if Democrats and Republicans hold strongly opposing views on the topic.


Now, rate how politically polarized the news coverage on the following topics is: - Money and Personal Finance","Please read the following definition of Political Polarization: A news topic is considered politically polarized if Democrats and Republicans hold strongly opposing views on the topic.


Now, rate how politically polarized the news coverage on the following topics is: - Racial Identity and History","Please read the following definition of Political Polarization: A news topic is considered politically polarized if Democrats and Republicans hold strongly opposing views on the topic.


Now, rate how politically polarized the news coverage on the following topics is: - Art, Planes","Please read the following definition of Political Polarization: A news topic is considered politically polarized if Democrats and Republicans hold strongly opposing views on the topic.


Now, rate how politically polarized the news coverage on the following topics is: - Social Media","Please read the following definition of Political Polarization: A news topic is considered politically polarized if Democrats and Republicans hold strongly opposing views on the topic.


Now, rate how politically polarized the news coverage on the following topics is: - Display Order",1. Age,2. Gender Identity,3. How would you classify your political affiliation?,4. How important is to you that your social circle knows of your opinions on and where you stand on the following topics: - Israel,4. How important is to you that your social circle knows of your opinions on and where you stand on the following topics: - Architecture,4. How important is to you that your social circle knows of your opinions on and where you stand on the following topics: - World News,4. How important is to you that your social circle knows of your opinions on and where you stand on the following topics: - Food,4. How important is to you that your social circle knows of your opinions on and where you stand on the following topics: - Joe Biden,4. How important is to you that your social circle knows of your opinions on and where you stand on the following topics: - Elections,4. How important is to you that your social circle knows of your opinions on and where you stand on the following topics: - Emotions and Feelings,4. How important is to you that your social circle knows of your opinions on and where you stand on the following topics: - Music/Movies,4. How important is to you that your social circle knows of your opinions on and where you stand on the following topics: - Science,4. How important is to you that your social circle knows of your opinions on and where you stand on the following topics: - Supreme Court and Judicial System,4. How important is to you that your social circle knows of your opinions on and where you stand on the following topics: - Black Lives Matter,4. How important is to you that your social circle knows of your opinions on and where you stand on the following topics: - Books,4. How important is to you that your social circle knows of your opinions on and where you stand on the following topics: - Real Estate,4. How important is to you that your social circle knows of your opinions on and where you stand on the following topics: - New York City,4. How important is to you that your social circle knows of your opinions on and where you stand on the following topics: - Public Health and Medicine,4. How important is to you that your social circle knows of your opinions on and where you stand on the following topics: - Coronavirus Pandemic,4. How important is to you that your social circle knows of your opinions on and where you stand on the following topics: - Pets and Animals,4. How important is to you that your social circle knows of your opinions on and where you stand on the following topics: - Sports,"4. How important is to you that your social circle knows of your opinions on and where you stand on the following topics: - Russia (e.g., influence on US election, Ukraine)",4. How important is to you that your social circle knows of your opinions on and where you stand on the following topics: - Women's Issues and Sexual Harassment,4. How important is to you that your social circle knows of your opinions on and where you stand on the following topics: - Judaism,4. How important is to you that your social circle knows of your opinions on and where you stand on the following topics: - Politics,4. How important is to you that your social circle knows of your opinions on and where you stand on the following topics: - Nature,"4. How important is to you that your social circle knows of your opinions on and where you stand on the following topics: - Power, Energy Supply, and Climate","4. How important is to you that your social circle knows of your opinions on and where you stand on the following topics: - China, India, International Travel",4. How important is to you that your social circle knows of your opinions on and where you stand on the following topics: - Education and School System,"4. How important is to you that your social circle knows of your opinions on and where you stand on the following topics: - American Military Forces, War/Conflict",4. How important is to you that your social circle knows of your opinions on and where you stand on the following topics: - Business,"4. How important is to you that your social circle knows of your opinions on and where you stand on the following topics: - Family (e.g., parents, children, love)",4. How important is to you that your social circle knows of your opinions on and where you stand on the following topics: - Christianity and Church,"4. How important is to you that your social circle knows of your opinions on and where you stand on the following topics: - Political Investigations (e.g., Donald Trump impeachment)",4. How important is to you that your social circle knows of your opinions on and where you stand on the following topics: - Covid Protection,4. How important is to you that your social circle knows of your opinions on and where you stand on the following topics: - Donald Trump,4. How important is to you that your social circle knows of your opinions on and where you stand on the following topics: - Horse Racing and Farms,"4. How important is to you that your social circle knows of your opinions on and where you stand on the following topics: - Health Research, Lifestyle Advice",4. How important is to you that your social circle knows of your opinions on and where you stand on the following topics: - Covid Vaccine,4. How important is to you that your social circle knows of your opinions on and where you stand on the following topics: - Money and Personal Finance,4. How important is to you that your social circle knows of your opinions on and where you stand on the following topics: - Racial Identity and History,"4. How important is to you that your social circle knows of your opinions on and where you stand on the following topics: - Art, Planes",4. How important is to you that your social circle knows of your opinions on and where you stand on the following topics: - Social Media,4. How important is to you that your social circle knows of your opinions on and where you stand on the following topics: - Display Order,"5. In the last 12 months, how often have you visited news websites and/or read newspapers?",6. Choose the top three news sources you typically read or follow:,"7. If you read a news article that you find interesting, how likely are you to share it with others?","8. If you do share it, what medium are you likely to use:"
1,"{""ImportId"":""startDate"",""timeZone"":""America/Denver""}","{""ImportId"":""endDate"",""timeZone"":""America/Denver""}","{""ImportId"":""progress""}","{""ImportId"":""duration""}","{""ImportId"":""recordedDate"",""timeZone"":""America/Denver""}","{""ImportId"":""_recordId""}","{""ImportId"":""QID21_1""}","{""ImportId"":""QID21_2""}","{""ImportId"":""QID21_3""}","{""ImportId"":""QID21_4""}","{""ImportId"":""QID21_5""}","{""ImportId"":""QID21_6""}","{""ImportId"":""QID21_7""}","{""ImportId"":""QID21_8""}","{""ImportId"":""QID21_9""}","{""ImportId"":""QID21_10""}","{""ImportId"":""QID21_11""}","{""ImportId"":""QID21_12""}","{""ImportId"":""QID21_13""}","{""ImportId"":""QID21_14""}","{""ImportId"":""QID21_15""}","{""ImportId"":""QID21_16""}","{""ImportId"":""QID21_17""}","{""ImportId"":""QID21_18""}","{""ImportId"":""QID21_19""}","{""ImportId"":""QID21_20""}","{""ImportId"":""QID21_21""}","{""ImportId"":""QID21_22""}","{""ImportId"":""QID21_23""}","{""ImportId"":""QID21_24""}","{""ImportId"":""QID21_25""}","{""ImportId"":""QID21_26""}","{""ImportId"":""QID21_27""}","{""ImportId"":""QID21_28""}","{""ImportId"":""QID21_29""}","{""ImportId"":""QID21_30""}","{""ImportId"":""QID21_31""}","{""ImportId"":""QID21_32""}","{""ImportId"":""QID21_33""}","{""ImportId"":""QID21_34""}","{""ImportId"":""QID21_35""}","{""ImportId"":""QID21_36""}","{""ImportId"":""QID21_37""}","{""ImportId"":""QID21_38""}","{""ImportId"":""QID21_39""}","{""ImportId"":""QID21_40""}","{""ImportId"":""QID21_DO""}","{""ImportId"":""QID8_TEXT""}","{""ImportId"":""QID9""}","{""ImportId"":""QID10""}","{""ImportId"":""QID11_x1""}","{""ImportId"":""QID11_x2""}","{""ImportId"":""QID11_x3""}","{""ImportId"":""QID11_x4""}","{""ImportId"":""QID11_x5""}","{""ImportId"":""QID11_x6""}","{""ImportId"":""QID11_x7""}","{""ImportId"":""QID11_x8""}","{""ImportId"":""QID11_x9""}","{""ImportId"":""QID11_x10""}","{""ImportId"":""QID11_x11""}","{""ImportId"":""QID11_x12""}","{""ImportId"":""QID11_x13""}","{""ImportId"":""QID11_x14""}","{""ImportId"":""QID11_x15""}","{""ImportId"":""QID11_x16""}","{""ImportId"":""QID11_x17""}","{""ImportId"":""QID11_x18""}","{""ImportId"":""QID11_x19""}","{""ImportId"":""QID11_x20""}","{""ImportId"":""QID11_x21""}","{""ImportId"":""QID11_x22""}","{""ImportId"":""QID11_x23""}","{""ImportId"":""QID11_x24""}","{""ImportId"":""QID11_x25""}","{""ImportId"":""QID11_x26""}","{""ImportId"":""QID11_x27""}","{""ImportId"":""QID11_x28""}","{""ImportId"":""QID11_x29""}","{""ImportId"":""QID11_x30""}","{""ImportId"":""QID11_x31""}","{""ImportId"":""QID11_x32""}","{""ImportId"":""QID11_x33""}","{""ImportId"":""QID11_x34""}","{""ImportId"":""QID11_x35""}","{""ImportId"":""QID11_x36""}","{""ImportId"":""QID11_x37""}","{""ImportId"":""QID11_x38""}","{""ImportId"":""QID11_x39""}","{""ImportId"":""QID11_x40""}","{""ImportId"":""QID11_DO""}","{""ImportId"":""QID12""}","{""ImportId"":""QID13""}","{""ImportId"":""QID14""}","{""ImportId"":""QID15""}"
2,2022-10-10 16:53:34,2022-10-10 16:54:42,100,67,2022-10-10 16:54:42,R_3R9g4XXe4tUskWS,,,5,,,,,3,,5,,,,,3,,,1,,5,,,,,5,,,,,,5,,5,,,,,5,,,3|15|33|18|31|8|25|20|38|10,20,2,3,,,1,,,,,3,,1,,,,,1,,,1,,3,,,,,1,,,,,,1,,1,,,,,3,,,3|15|33|18|31|8|25|20|38|10,4,"4,5,10",1,5
3,2022-10-10 16:54:44,2022-10-10 16:55:41,100,56,2022-10-10 16:55:42,R_3IRizimcJzicde8,,,4,,5,,1,,,5,5,,,,,,,1,,,,,,2,4,,,,,,5,,,1,,,,,,,24|7|10|5|18|11|25|3|31|34,20,2,3,,,1,,1,,5,,,1,1,,,,,,,1,,,,,,4,1,,,,,,1,,,1,,,,,,,24|7|10|5|18|11|25|3|31|34,4,"4,5,10",1,5
4,2022-10-10 16:56:32,2022-10-10 16:58:00,100,87,2022-10-10 16:58:00,R_OwMg835m7uYeT9D,,3,5,,,,,5,,5,,,,,,,5,,,,5,,,,,5,,,5,,,,,,,,,5,4,,38|10|26|29|2|3|21|39|17|8,20,1,3,,3,3,,,,,4,,3,,,,,,,3,,,,3,,,,,3,,,5,,,,,,,,,3,3,,38|10|26|29|2|3|21|39|17|8,1,"1,4,7,8,10",5,5
5,2022-10-10 17:02:50,2022-10-10 17:04:55,100,124,2022-10-10 17:04:55,R_20q1iKT0ki52KQN,,,,,,,4,,,5,,,,,,,2,1,,,,,3,4,,,,5,,5,,,,2,,,,,1,,10|30|23|24|17|34|7|39|18|28,20,2,3,,,,,,,2,,,2,,,,,,,1,3,,,,,1,1,,,,4,,4,,,,1,,,,,1,,10|30|23|24|17|34|7|39|18|28,2,"1,2,4,7,8",4,"4,5"
6,2022-10-10 17:04:04,2022-10-10 17:05:47,100,102,2022-10-10 17:05:47,R_3nO4TGuTK90Ce05,,,5,,,,4,,5,,5,3,,,,,,,5,,,,,5,,,,,,,,5,,,4,,4,,,,37|35|9|24|7|3|12|19|32|11,21,2,2,,,4,,,,4,,4,,5,3,,,,,,,5,,,,,4,,,,,,,,5,,,2,,2,,,,37|35|9|24|7|3|12|19|32|11,4,"1,2,4",4,"4,5"
7,2022-10-10 17:05:02,2022-10-10 17:06:39,100,96,2022-10-10 17:06:39,R_22xXbxLeeEuMYFe,,,,,,5,4,,5,5,,,,3,,,,,,,,,,,,,,4,4,,5,,5,,,,,5,,,31|28|7|38|33|6|29|10|9|14,24,2,3,,,,,,5,5,,5,5,,,,1,,,,,,,,,,,,,,5,5,,5,,5,,,,,5,,,31|28|7|38|33|6|29|10|9|14,2,"3,4,10",1,6
8,2022-10-10 17:07:03,2022-10-10 17:08:43,100,100,2022-10-10 17:08:44,R_bHoqmudln1b3yKt,,,,,5,,,,3,,,2,3,,5,,,3,4,5,,,,,,,,5,,,,,,,3,,,,,,9|35|13|18|5|20|19|15|28|12,21,2,2,,,,,1,,,,1,,,1,1,,2,,,1,1,2,,,,,,,,2,,,,,,,1,,,,,,9|35|13|18|5|20|19|15|28|12,4,"1,2,4,7",4,"4,5"
9,2022-10-10 17:07:10,2022-10-10 17:09:35,100,144,2022-10-10 17:09:35,R_3qgNPWmQwW5b7cw,,1,,,,,,,,,,,3,2,,5,,,,,,5,,,4,3,,,,,5,,,2,4,,,,,,16|14|26|34|31|2|13|22|25|35,21,2,1,,1,,,,,,,,,,,4,1,,3,,,,,,4,,,1,3,,,,,3,,,1,4,,,,,,16|14|26|34|31|2|13|22|25|35,3,"1,10",4,"3,5"
10,2022-10-11 16:32:13,2022-10-11 16:33:53,100,99,2022-10-11 16:33:53,R_YWG7IIlCvcd8U7v,,,,3,,,3,,,5,,2,,,,,,,,,,4,,,,,,5,,5,,,,,,3,2,,,4,40|12|30|7|22|4|36|37|28|10,20,1,3,,,,5,,,4,,,2,,3,,,,,,,,,,2,,,,,,3,,1,,,,,,4,3,,,2,40|12|30|7|22|4|36|37|28|10,3,"2,3,4,8,9",3,5
11,2022-10-11 16:32:20,2022-10-11 16:34:10,100,109,2022-10-11 16:34:10,R_3kHsbzJyAcSgfOA,,,,3,,5,,,,,,,,,,,,2,5,,5,,,,,,,,4,5,,,5,,5,,,5,,,18|19|35|29|21|30|4|6|38|33,21,2,2,,,,3,,5,,,,,,,,,,,,1,5,,4,,,,,,,,4,4,,,5,,4,,,5,,,18|19|35|29|21|30|4|6|38|33,3,"1,2,4",4,"1,4,5"
12,2022-10-11 16:32:32,2022-10-11 16:34:18,100,106,2022-10-11 16:34:18,R_2y3jqnpIootSsDc,,,,,,,,,,5,5,2,,,,,,3,,,,,,5,,2,,5,,,,,5,,4,,,,,2,18|10|11|24|35|12|40|26|28|33,20,1,2,,,,,,,,,,3,3,2,,,,,,2,,,,,,4,,2,,4,,,,,4,,4,,,,,2,18|10|11|24|35|12|40|26|28|33,3,"4,8,9",4,5
13,2022-10-11 16:32:27,2022-10-11 16:34:36,100,129,2022-10-11 16:34:36,R_2Yy0yG4SZIeqYnU,,1,5,,,,,,4,5,5,3,,,,,1,,,,,,,,,,,,,,,5,,,,,5,,,3,9|2|40|3|17|12|37|32|10|11,20,1,3,,1,1,,,,,,1,1,1,1,,,,,1,,,,,,,,,,,,,,,1,,,,,1,,,1,9|2|40|3|17|12|37|32|10|11,1,"4,10",1,5
14,2022-10-11 16:32:44,2022-10-11 16:34:41,100,116,2022-10-11 16:34:41,R_R51Z4WtE9eQWrBL,,,,,5,,,2,,,,,4,,,,1,2,,,,,,,3,,,,,5,,,,2,,4,4,,,,8|30|25|5|18|34|37|36|13|17,20,2,2,,,,,3,,,1,,,,,2,,,,1,2,,,,,,,1,,,,,3,,,,1,,2,1,,,,8|30|25|5|18|34|37|36|13|17,2,"1,2,4,5,9",2,6
15,2022-10-11 16:32:18,2022-10-11 16:34:50,100,152,2022-10-11 16:34:51,R_3RqDhenFkktJe2I,,,,,,5,,,,5,4,,,,,,,2,,4,,5,,,4,,3,,,,,,,,,4,,2,,,22|18|10|27|36|11|38|20|25|6,20,1,3,,,,,,1,,,,1,1,,,,,,,1,,1,,1,,,1,,1,,,,,,,,,1,,1,,,22|18|10|27|36|11|38|20|25|6,3,"1,2,6",1,5
16,2022-10-11 16:32:18,2022-10-11 16:35:09,100,170,2022-10-11 16:35:09,R_2D6My7EiS6ViOeG,,3,,3,,,,,2,,5,,,,,,,2,,,,5,,,,,,,3,3,,,,,3,,,5,,,18|30|35|11|29|38|2|22|4|9,21,2,2,,2,,3,,,,,2,,5,,,,,,,2,,,,4,,,,,,,4,2,,,,,4,,,5,,,18|30|35|11|29|38|2|22|4|9,3,"1,2,4,8,9",4,"4,5"
17,2022-10-11 16:32:42,2022-10-11 16:35:26,100,163,2022-10-11 16:35:26,R_2YsvNKih1qWLGvr,,2,,,,,,,,,5,,5,,,5,1,3,,,,,,,,,,,2,,,5,,,,,5,,3,,29|11|2|18|37|39|13|16|32|17,20,2,3,,1,,,,,,,,,3,,2,,,3,4,4,,,,,,,,,,,3,,,3,,,,,1,,1,,29|11|2|18|37|39|13|16|32|17,4,"1,4",2,6
18,2022-10-11 16:33:07,2022-10-11 16:35:32,100,144,2022-10-11 16:35:32,R_zUnw1OMtI7gKpJ7,,3,,,,,,3,,,,4,,,,,,4,,5,3,,,5,,,,,,5,,,,,,5,,,,5,40|12|2|18|21|36|8|24|30|20,19,2,2,,3,,,,,,5,,,,5,,,,,,3,,5,1,,,5,,,,,,3,,,,,,5,,,,5,40|12|2|18|21|36|8|24|30|20,3,"2,7,8",4,5
19,2022-10-11 16:33:24,2022-10-11 16:36:01,100,157,2022-10-11 16:36:01,R_Weq3iVtEjEbmRsB,,1,,,,,2,,3,,,,,,,,,1,3,,3,,,,,2,,,2,,,,,,,,4,3,,,21|26|7|29|19|18|37|2|38|9,21,2,2,,1,,,,,3,,2,,,,,,,,,3,3,,1,,,,,3,,,3,,,,,,,,3,3,,,21|26|7|29|19|18|37|2|38|9,3,"1,4,10",4,5
20,2022-10-11 16:33:25,2022-10-11 16:36:02,100,157,2022-10-11 16:36:03,R_2roqfA61NvuT9Wo,,,,,,4,,2,,,,,2,3,,,,2,,,,,,,,,,,2,,4,,,,,4,,4,,2,6|38|29|31|36|14|13|40|8|18,19,2,2,,,,,,2,,4,,,,,4,1,,,,3,,,,,,,,,,,1,,1,,,,,3,,4,,3,6|38|29|31|36|14|13|40|8|18,4,"1,2,4,9",4,5
21,2022-10-11 16:33:42,2022-10-11 16:36:41,100,178,2022-10-11 16:36:41,R_12scSFFRjQe075b,,1,,,,,,3,,5,,,,,,,,,,5,4,5,,,,,,2,1,4,,5,,,,,,,,,29|21|30|28|20|2|32|8|10|22,29,1,3,,2,,,,,,3,,1,,,,,,,,,,1,1,2,,,,,,4,4,4,,1,,,,,,,,,29|21|30|28|20|2|32|8|10|22,1,"1,4,6",3,"4,5"
22,2022-10-11 16:32:44,2022-10-11 16:37:01,100,257,2022-10-11 16:37:02,R_1hytX1A1W2y9low,,,5,3,5,,5,,,,,,,3,,5,3,3,,,,,,,,,,,,,,,,,3,5,,,,,18|14|35|16|5|17|7|3|36|4,21,2,2,,,5,5,5,,5,,,,,,,1,,5,5,1,,,,,,,,,,,,,,,,,4,5,,,,,18|14|35|16|5|17|7|3|36|4,3,"1,2,4,5,8",4,"4,5"
23,2022-10-11 16:33:12,2022-10-11 16:37:04,100,232,2022-10-11 16:37:04,R_2By3WM0fI0qYELD,,,,,,5,3,,,4,,3,,,,,,,,,,,3,,,,,4,,,,3,,,,3,,,3,4,7|40|28|36|6|32|10|23|39|12,21,2,2,,,,,,4,4,,,4,,3,,,,,,,,,,,3,,,,,3,,,,4,,,,3,,,3,3,7|40|28|36|6|32|10|23|39|12,3,"2,7,8",4,5
24,2022-10-11 16:35:20,2022-10-11 16:37:06,100,105,2022-10-11 16:37:07,R_2RQUa2HruCRYuOc,4,2,,1,5,,,2,,5,,,,,,,2,,,,,,,4,,,5,,,,,,5,,,,,,,,5|33|1|2|10|8|4|24|17|27,20,2,3,4,2,,1,1,,,2,,4,,,,,,,2,,,,,,,3,,,4,,,,,,1,,,,,,,,5|33|1|2|10|8|4|24|17|27,4,"1,6,8",4,"1,5"
25,2022-10-11 16:36:33,2022-10-11 16:39:47,100,194,2022-10-11 16:39:48,R_3kv9Yn4amVWGcm3,,,,,,,,2,,4,,,,,,,,2,,,3,,4,,,3,,,,,,,5,2,3,,,,1,,35|39|21|34|33|26|8|23|18|10,19,1,3,,,,,,,,3,,1,,,,,,,,3,,,1,,1,,,1,,,,,,,1,1,1,,,,1,,35|39|21|34|33|26|8|23|18|10,3,"1,4,10",2,"4,5"
26,2022-10-12 16:46:23,2022-10-12 16:48:18,100,114,2022-10-12 16:48:18,R_NVzJVP39pycAjNT,,,2,,4,5,,,,,2,,2,,,,,,1,,,,3,,,,,4,,,5,,,2,,,,,,,5|28|6|13|19|11|3|31|34|23,21,2,3,,,1,,1,1,,,,,3,,1,,,,,,1,,,,1,,,,,3,,,1,,,1,,,,,,,5|28|6|13|19|11|3|31|34|23,2,"1,4,8",1,6
27,2022-10-12 16:48:27,2022-10-12 16:49:53,100,86,2022-10-12 16:49:54,R_A0DbYtptu7xm9od,4,,5,,,,,,3,,,,2,,,,,3,,5,,,,,5,,,,,,5,,5,,,,3,,,,1|13|18|37|25|20|31|33|3|9,20,2,2,2,,2,,,,,,1,,,,1,,,,,1,,4,,,,,2,,,,,,4,,4,,,,1,,,,1|13|18|37|25|20|31|33|3|9,5,"1,2,5",1,5
28,2022-10-12 16:48:28,2022-10-12 16:50:32,100,123,2022-10-12 16:50:32,R_2U91ACqGYKJ4NLp,3,,,,,,,3,,5,,,3,,5,,3,,,,,,,5,4,,3,,,,,,,,,,4,,,,27|8|10|37|24|17|13|25|15|1,27,2,3,5,,,,,,,1,,3,,,1,,1,,1,,,,,,,1,1,,3,,,,,,,,,,1,,,,27|8|10|37|24|17|13|25|15|1,2,"1,7,10",4,"1,4,5"
29,2022-10-12 16:50:08,2022-10-12 16:52:36,100,147,2022-10-12 16:52:37,R_27UlGqQXUPKNagP,,,4,2,,5,,2,,,,,,,,,,2,,,,,,5,,,,,,4,,,5,2,,,,5,,,6|34|38|18|30|33|8|3|4|24,18,2,2,,,2,4,,2,,2,,,,,,,,,,1,,,,,,2,,,,,,2,,,2,1,,,,3,,,6|34|38|18|30|33|8|3|4|24,5,"1,5,8",4,5
30,2022-10-12 16:51:25,2022-10-12 16:53:28,100,123,2022-10-12 16:53:29,R_2SHSuttirR9p6Yi,,,,,,,3,,2,5,,2,,,,4,,,,,,,,,5,3,,4,,,,,,,,,,4,3,,9|26|10|39|12|16|25|7|28|38,22,2,3,,,,,,,5,,1,4,,2,,,,4,,,,,,,,,5,3,,3,,,,,,,,,,5,2,,9|26|10|39|12|16|25|7|28|38,3,"1,4,10",4,"4,5"
31,2022-10-12 16:51:58,2022-10-12 16:54:10,100,132,2022-10-12 16:54:11,R_qVgM9XUw9XxxNIJ,,2,,2,,,,,,,,,2,2,,,,,,,,,,,2,2,,,,4,,,5,2,,5,,,,,4|30|33|36|2|13|34|25|14|26,21,1,2,,1,,2,,,,,,,,,2,1,,,,,,,,,,,2,2,,,,3,,,4,1,,4,,,,,4|30|33|36|2|13|34|25|14|26,3,"1,2,4",2,5
32,2022-10-12 16:52:22,2022-10-12 16:54:47,100,144,2022-10-12 16:54:47,R_2z8SL95SMSJNKxi,4,3,,,,,,2,,,4,3,,,,,,,,,,5,,,,,,,,,4,,5,,,4,,,2,,33|36|31|2|12|8|1|22|11|39,20,2,2,1,1,,,,,,4,,,4,2,,,,,,,,,,3,,,,,,,,,3,,3,,,5,,,2,,33|36|31|2|12|8|1|22|11|39,3,"1,2,7",3,"4,5"
33,2022-10-12 16:53:42,2022-10-12 16:55:27,100,105,2022-10-12 16:55:28,R_81VILvUCvVVYA6J,,,,,,5,,,,,5,,,,,5,,,5,,,5,,5,,,,,,5,5,,,,,5,,,1,,16|39|22|11|31|19|24|30|6|36,23,2,2,,,,,,1,,,,,4,,,,,4,,,1,,,1,,3,,,,,,1,1,,,,,4,,,1,,16|39|22|11|31|19|24|30|6|36,1,10,5,5
34,2022-10-12 16:54:50,2022-10-12 16:57:20,100,149,2022-10-12 16:57:20,R_2tsNT6MUOusZ9hI,,,,,,,,2,,,,,,,,3,,,3,,,4,,4,4,4,3,,,,,5,,,,,,,2,,19|22|26|25|16|27|8|32|39|24,20,2,2,,,,,,,,5,,,,,,,,4,,,3,,,4,,2,5,5,2,,,,,3,,,,,,,4,,19|22|26|25|16|27|8|32|39|24,3,"1,5,10",2,5
35,2022-10-12 16:50:43,2022-10-12 17:10:11,100,1168,2022-10-12 17:10:12,R_R5qYDuvjOF1i5Fv,4,,2,1,,,,,,,,,4,1,5,,,,,,4,,,,5,5,,,,4,,,,,,,,,,,1|30|14|13|15|4|21|3|26|25,20,2,2,1,,3,3,,,,,,,,,1,1,4,,,,,,1,,,,3,4,,,,1,,,,,,,,,,,1|30|14|13|15|4|21|3|26|25,4,"1,4",4,"1,5"
36,2022-10-13 16:56:41,2022-10-13 16:58:43,100,121,2022-10-13 16:58:43,R_1eICs0lTBUn3P3l,,,,3,,,,,,,,2,,4,,,,,,4,4,,4,,,4,4,4,,,4,,,,,,,,,,21|12|23|27|4|14|26|28|31|20,21,2,3,,,,3,,,,,,,,4,,2,,,,,,4,1,,4,,,4,2,4,,,2,,,,,,,,,,21|12|23|27|4|14|26|28|31|20,3,"1,4,5",3,"4,5"
37,2022-10-13 16:57:48,2022-10-13 16:59:40,100,111,2022-10-13 16:59:41,R_1QAaXy9nI4zz58I,,2,,,,,,4,5,4,5,2,,,5,5,,,5,,,,,,,,,,,5,,,,,,,,,,,19|10|11|12|2|30|16|9|8|15,20,1,2,,2,,,,,,2,5,4,5,2,,,5,5,,,4,,,,,,,,,,,3,,,,,,,,,,,19|10|11|12|2|30|16|9|8|15,1,"1,3,5",1,6
38,2022-10-13 16:58:55,2022-10-13 17:00:58,100,122,2022-10-13 17:00:58,R_3Pq2075WQD4bsGn,,,,,,,,,4,4,,,5,,,,3,,,,,,4,,,5,,,,,,,,4,2,5,,5,,,34|36|35|10|17|13|38|23|26|9,20,1,3,,,,,,,,,5,5,,,5,,,,3,,,,,,4,,,5,,,,,,,,2,5,5,,5,,,34|36|35|10|17|13|38|23|26|9,5,"1,4",1,6
39,2022-10-13 17:00:55,2022-10-13 17:02:53,100,118,2022-10-13 17:02:54,R_2Y3dYpULLp2ZPQF,,,,,,,,,,,5,,3,3,,,,3,,,,,,,,,,,,,5,5,,,3,5,,,3,5,32|40|39|14|18|11|13|36|31|35,20,1,3,,,,,,,,,,,1,,2,1,,,,4,,,,,,,,,,,,,1,1,,,1,1,,,1,1,32|40|39|14|18|11|13|36|31|35,3,"4,7,8",4,5
40,2022-10-13 17:09:20,2022-10-13 17:10:35,100,75,2022-10-13 17:10:36,R_ZCC06ohKEyhUAwx,,4,4,,,4,,,4,,4,4,,,,,,,,,,4,,,,,,4,,,,,,,,4,4,,,,2|6|36|11|9|22|37|12|3|28,19,2,3,,2,5,,,3,,,4,,5,4,,,,,,,,,,3,,,,,,5,,,,,,,,4,5,,,,2|6|36|11|9|22|37|12|3|28,2,"1,2,4,8",4,"3,4"
41,2022-10-13 17:09:35,2022-10-13 17:12:03,100,148,2022-10-13 17:12:03,R_3PC4eI5srzBYhWE,,4,5,,,5,,4,,,,,5,,,,,,5,,,,,,,,,3,4,,,,5,,,,,5,,,3|29|8|6|28|38|19|33|2|13,22,2,2,,1,2,,,2,,2,,,,,2,,,,,,2,,,,,,,,,2,3,,,,2,,,,,2,,,3|29|8|6|28|38|19|33|2|13,4,"1,2,4,10",3,"4,5"
42,2022-10-13 17:09:57,2022-10-13 17:12:32,100,154,2022-10-13 17:12:32,R_Og9OCRE72GUUfbr,,2,,,,,,3,,3,,,3,,,,,,4,,,,4,4,,,,3,3,3,,,,,,,,,,,19|23|29|2|8|24|28|13|10|30,22,2,3,,1,,,,,,2,,2,,,1,,,,,,1,,,,3,2,,,,2,3,1,,,,,,,,,,,19|23|29|2|8|24|28|13|10|30,3,"1,4,5",4,"4,5"
43,2022-10-13 17:15:33,2022-10-13 17:19:03,100,210,2022-10-13 17:19:03,R_RyFI1VUFNwYPdux,,1,,,,,,,,5,,2,4,3,4,,,,,,,,,,,,,,1,,,1,,,,1,,,3,,36|15|12|10|29|2|14|32|13|39,20,1,3,,1,,,,,,,,1,,2,1,1,3,,,,,,,,,,,,,,5,,,3,,,,3,,,3,,36|15|12|10|29|2|14|32|13|39,2,"1,5,6",2,"4,5"
44,2022-10-13 17:19:09,2022-10-13 17:21:16,100,127,2022-10-13 17:21:17,R_Qo9uho2TxOTRNqF,,,,3,,,,,,,,,2,,2,,,,,,,,,,,,5,4,4,3,,,4,,,4,,3,,,15|27|38|30|29|28|13|36|33|4,21,1,1,,,,5,,,,,,,,,5,,4,,,,,,,,,,,,3,5,3,3,,,2,,,5,,3,,,15|27|38|30|29|28|13|36|33|4,3,"2,4,5",4,5
45,2022-10-14 13:35:51,2022-10-14 13:39:18,100,206,2022-10-14 13:39:18,R_3nAzV8yce3M8yIn,,2,5,,,,,,,,,3,5,3,,,,,4,5,,,,,5,,,,,,,,,,4,5,,,,,35|36|2|13|25|14|12|20|19|3,23,2,2,,1,5,,,,,,,,,4,4,3,,,,,4,5,,,,,4,,,,,,,,,,3,4,,,,,35|36|2|13|25|14|12|20|19|3,1,"1,2,4,5,7,8,9,10",2,"4,5,6"
46,2022-10-14 16:32:44,2022-10-14 16:34:14,100,90,2022-10-14 16:34:15,R_3NLqEcrZVmByxQd,3,,,1,,5,4,,,,,,,,,5,1,,3,,,,,5,,,5,,,,,,,,,,,,1,,7|16|19|24|4|6|27|17|39|1,20,1,1,3,,,3,,3,3,,,,,,,,,3,3,,3,,,,,3,,,3,,,,,,,,,,,,3,,7|16|19|24|4|6|27|17|39|1,3,"4,7,8",3,"4,5"
47,2022-10-14 16:32:38,2022-10-14 16:34:24,100,106,2022-10-14 16:34:25,R_2Yc6zLJmOb6HIgk,,,,,,5,,,,5,,,,2,,5,,,,,,,,,,3,,4,,,,5,,,1,5,,3,,,6|32|36|28|16|38|14|26|10|35,20,1,3,,,,,,1,,,,1,,,,1,,1,,,,,,,,,,1,,1,,,,1,,,1,1,,1,,,6|32|36|28|16|38|14|26|10|35,3,"1,4,8",2,5
48,2022-10-14 16:32:32,2022-10-14 16:34:26,100,113,2022-10-14 16:34:26,R_3dY4UrDlBpFlnPa,5,,,3,,,,,5,,,,,,,,,,,,,5,2,,,,5,,2,,,5,,,,5,,,,2,23|29|27|40|4|1|22|36|9|32,20,2,2,2,,,4,,,,,4,,,,,,,,,,,,,3,3,,,,3,,4,,,4,,,,4,,,,4,23|29|27|40|4|1|22|36|9|32,2,"1,2,4,5,8",4,5
49,2022-10-14 16:32:54,2022-10-14 16:34:44,100,109,2022-10-14 16:34:44,R_BxM0gg8PNPHh8Vb,,,5,,,,,,,,,2,,3,,,1,3,4,5,3,,,5,,,,3,,,,,,,,,,,,,17|3|19|12|20|28|14|21|24|18,20,1,2,,,1,,,,,,,,,3,,1,,,1,1,1,3,1,,,3,,,,1,,,,,,,,,,,,,17|3|19|12|20|28|14|21|24|18,3,"1,4,5",2,"1,4,5"
50,2022-10-14 16:33:13,2022-10-14 16:35:17,100,124,2022-10-14 16:35:17,R_32Xd3rcXNe7zO6U,,,5,,,,,,4,4,,2,,,,,,,,,,,2,,,4,,,,3,4,,4,,,,4,,,,9|37|26|3|23|12|10|33|31|30,24,1,3,,,5,,,,,,3,3,,3,,,,,,,,,,,3,,,5,,,,2,2,,2,,,,5,,,,9|37|26|3|23|12|10|33|31|30,4,"2,3",2,5
51,2022-10-14 16:32:35,2022-10-14 16:35:21,100,165,2022-10-14 16:35:21,R_xFun3resf8HXRS1,,,,2,,,,,2,,2,4,,,,1,,,,,,,1,,,,,,,4,4,,,3,,,4,,,,11|31|23|9|16|4|37|30|34|12,23,2,3,,,,4,,,,,3,,3,4,,,,4,,,,,,,3,,,,,,,1,2,,,1,,,5,,,,11|31|23|9|16|4|37|30|34|12,4,"2,4",4,5
52,2022-10-14 16:32:49,2022-10-14 16:35:28,100,158,2022-10-14 16:35:29,R_33BXnmwOnYNlhrZ,,,,,,,,,,,,,1,4,,,,2,5,,2,5,,,,,5,,,,5,,,2,3,,,,,,34|35|18|27|14|22|31|21|13|19,20,1,2,,,,,,,,,,,,,1,1,,,,5,1,,1,1,,,,,1,,,,1,,,1,2,,,,,,34|35|18|27|14|22|31|21|13|19,4,"1,2,4,7",4,"3,5"
53,2022-10-14 16:33:06,2022-10-14 16:35:32,100,145,2022-10-14 16:35:32,R_2P26V30R8oPqrRl,4,,,,,,,,,,5,,,,,,,2,,,,5,,5,,,4,4,,,,5,5,,,,,,,4,28|11|40|24|33|22|27|18|1|32,20,2,2,3,,,,,,,,,,4,,,,,,,1,,,,4,,4,,,3,3,,,,4,4,,,,,,,2,28|11|40|24|33|22|27|18|1|32,1,"1,2,4",3,5
54,2022-10-14 16:33:16,2022-10-14 16:35:34,100,138,2022-10-14 16:35:35,R_32JeaRrxnV9bF0P,,,,,5,,,,4,5,,,3,,,,,,,5,,5,,4,,,,,,,,,,,,,,4,2,3,9|38|20|5|24|39|10|22|13|40,20,2,2,,,,,2,,,,2,3,,,2,,,,,,,4,,3,,4,,,,,,,,,,,,,,4,1,3,9|38|20|5|24|39|10|22|13|40,1,"1,4,10",2,4
55,2022-10-14 16:32:46,2022-10-14 16:35:44,100,178,2022-10-14 16:35:44,R_3g4VaT63T3PYfSH,3,,,,3,3,,2,,,,,,,,,2,,,,,,,,,3,3,4,,,,,3,,2,,,,,,27|6|8|35|28|17|5|26|1|33,18,2,3,1,,,,1,1,,3,,,,,,,,,3,,,,,,,,,2,1,3,,,,,1,,3,,,,,,27|6|8|35|28|17|5|26|1|33,4,"1,5,8",3,5
56,2022-10-14 16:33:20,2022-10-14 16:36:32,100,191,2022-10-14 16:36:32,R_1DLJZLmvp9qmNaB,,,,,,,,4,,4,,4,,4,,,2,,,,,,3,,4,,,,,4,,,,2,,,,,3,,14|12|25|17|39|30|34|10|8|23,21,1,3,,,,,,,,2,,3,,2,,1,,,2,,,,,,1,,2,,,,,1,,,,1,,,,,1,,14|12|25|17|39|30|34|10|8|23,4,"1,4,8",1,5
57,2022-10-14 16:32:47,2022-10-14 16:36:57,100,249,2022-10-14 16:36:57,R_ODtOuy7PhX0nxm1,3,,,4,,,,,,,,3,,,4,,3,,4,,,,,4,,,,,,,,,5,,4,2,,,,,35|33|12|1|24|36|17|4|15|19,20,1,3,2,,,3,,,,,,,,3,,,3,,2,,4,,,,,3,,,,,,,,,3,,2,4,,,,,35|33|12|1|24|36|17|4|15|19,1,"1,4,8,10",2,"1,4,5"
58,2022-10-14 16:33:31,2022-10-14 16:38:36,100,304,2022-10-14 16:38:37,R_2R9734Eil3l5k48,,,,,4,,,,3,,,,3,,,,,1,,,3,4,,,4,,4,,,3,,,,,,,,,,3,5|22|27|21|13|25|9|30|18|40,31,2,2,,,,,1,,,,2,,,,1,,,,,1,,,1,1,,,1,,2,,,2,,,,,,,,,,1,5|22|27|21|13|25|9|30|18|40,3,5,2,6
59,2022-10-14 16:36:05,2022-10-14 17:23:52,100,2866,2022-10-14 17:23:52,R_pADbKcEzrUVrKs9,,,,,,,,,,,5,,,,,,,,,,3,,,4,,3,,4,,5,5,1,,,,3,,,,5,36|21|24|30|32|40|26|31|28|11,20,1,3,,,,,,,,,,,5,,,,,,,,,,3,,,5,,5,,5,,5,4,5,,,,5,,,,5,36|21|24|30|32|40|26|31|28|11,2,"1,2,4",4,4
60,2022-10-08 15:50:21,2022-10-08 15:51:57,85,96,2022-10-15 15:51:59,R_3j8TPa0tAtAbf9C,4,,,,,4,,,1,,,,,,,1,1,,,,,5,,,,,,,,,,,5,,,2,1,,,2,17|36|33|1|6|22|9|37|16|40,24,1,1,1,,,,,1,,,1,,,,,,,1,1,,,,,1,,,,,,,,,,,1,,,1,1,,,1,17|36|33|1|6|22|9|37|16|40,1,5,1,1
64,2022-10-17 16:40:45,2022-10-17 16:41:44,100,59,2022-10-17 16:41:45,R_1OKbZ0rgjHtVgvd,4,,4,,,4,,,,,,,,,,5,,,4,,,,,,4,,,,,,5,,5,,,5,2,,,,25|31|36|16|3|6|33|1|37|19,21,2,1,1,,1,,,1,,,,,,,,,,1,,,1,,,,,,1,,,,,,1,,1,,,1,1,,,,25|31|36|16|3|6|33|1|37|19,4,"1,4,7",2,5
65,2022-10-17 16:42:22,2022-10-17 16:43:45,100,82,2022-10-17 16:43:46,R_3CDZfYKYS5Y7qyz,,,3,,2,,2,,,4,,,,,,,,,,4,,,2,,,,2,,,,,1,3,,,,,3,,,23|7|38|32|20|27|33|10|5|3,20,1,3,,,1,,1,,1,,,3,,,,,,,,,,4,,,1,,,,1,,,,,1,1,,,,,4,,,23|7|38|32|20|27|33|10|5|3,2,"1,2,4",1,5
66,2022-10-17 16:42:15,2022-10-17 16:45:00,100,165,2022-10-17 16:45:00,R_1pXPnkm6mZk9HPE,,,,,5,5,,,,,,,5,,,5,3,,5,,,,,,,,5,,,,5,,,,5,,,5,,,6|35|27|5|31|38|17|19|13|16,19,2,2,,,,,1,1,,,,,,,1,,,3,1,,1,,,,,,,,1,,,,1,,,,2,,,5,,,6|35|27|5|31|38|17|19|13|16,3,"1,4,10",2,"4,5"
67,2022-10-17 16:45:44,2022-10-17 16:47:13,100,88,2022-10-17 16:47:13,R_2WJuYHF4VSanb1j,,,3,,,1,,1,,,,,,,,,1,,4,5,,,,,,3,,,,,5,,,2,,,,,,3,6|40|20|26|17|3|19|31|8|34,19,2,2,,,5,,,5,,3,,,,,,,,,3,,4,5,,,,,,5,,,,,4,,,1,,,,,,5,6|40|20|26|17|3|19|31|8|34,1,"1,2,4",2,5
68,2022-10-17 16:45:47,2022-10-17 16:47:20,100,93,2022-10-17 16:47:21,R_1dH2P2wG3nq634K,,,,,5,,,,,5,5,2,,,,,,2,,,,,,5,,,,4,,,5,4,,,,,,,,4,5|12|40|24|10|18|31|11|28|32,20,2,2,,,,,4,,,,,3,3,5,,,,,,1,,,,,,3,,,,4,,,2,5,,,,,,,,2,5|12|40|24|10|18|31|11|28|32,3,"1,3,6",4,5
69,2022-10-17 16:45:31,2022-10-17 16:47:30,100,119,2022-10-17 16:47:30,R_O3FTb0ywXPBQTHH,,,,1,,,,3,4,,,,2,5,,,,,,5,,5,4,,,,5,,5,,,,,,,,,,,,8|4|22|23|13|29|27|14|9|20,21,1,2,,,,2,,,,3,4,,,,2,1,,,,,,5,,3,4,,,,3,,2,,,,,,,,,,,,8|4|22|23|13|29|27|14|9|20,1,"1,4,10",5,"1,5"
70,2022-10-17 16:34:44,2022-10-17 16:47:41,100,777,2022-10-17 16:47:42,R_3kdF6LsxME2hLXG,,,,,,,4,,4,,,,,,,5,1,,,4,4,5,3,,,,,,,4,,,,,,5,,,,,16|30|20|23|17|36|22|9|21|7,19,2,2,,,,,,,4,,3,,,,,,,4,1,,,4,2,3,2,,,,,,,2,,,,,,4,,,,,16|30|20|23|17|36|22|9|21|7,3,"1,4",4,5
71,2022-10-17 16:46:12,2022-10-17 16:48:09,100,116,2022-10-17 16:48:09,R_22QaSTFfx9HvqxL,,1,,,5,,,,,,,2,,,,,,,3,,3,,,5,,,,,,1,,,,1,,5,,,,2,34|21|5|24|36|19|12|30|2|40,21,2,1,,3,,,2,,,,,,,3,,,,,,,4,,3,,,5,,,,,,3,,,,3,,2,,,,3,34|21|5|24|36|19|12|30|2|40,3,"1,2,4",2,4
72,2022-10-17 16:37:59,2022-10-17 16:48:56,100,656,2022-10-17 16:48:56,R_2VJf82c4wJQ0f8p,,1,,4,,,,,,5,,,,,,,,,,,,5,,3,,,5,,,1,5,,,,,,,5,,5,4|2|27|31|40|22|38|24|30|10,21,1,3,,1,,1,,,,,,3,,,,,,,,,,,,1,,5,,,3,,,1,2,,,,,,,3,,1,4|2|27|31|40|22|38|24|30|10,2,"1,4,10",3,6
73,2022-10-17 16:48:25,2022-10-17 16:50:30,100,125,2022-10-17 16:50:30,R_2sSz4KBT3e6bQCv,2,,4,,,5,3,,,5,,,,,,,,,,,,5,,2,,,,3,,,,5,,,,5,,,,,22|24|3|32|10|36|7|1|28|6,20,1,3,2,,2,,,2,2,,,2,,,,,,,,,,,,2,,4,,,,4,,,,3,,,,2,,,,,22|24|3|32|10|36|7|1|28|6,4,"1,2,4",2,1
74,2022-10-17 16:48:20,2022-10-17 16:50:47,100,147,2022-10-17 16:50:47,R_uaANmZryc9ygD9T,,1,,,,,3,,,,5,,,,,,,,,,,5,,4,,4,,4,,,,,,2,3,,,,,2,11|40|7|24|26|22|35|28|34|2,25,1,3,,2,,,,,2,,,,1,,,,,,,,,,,2,,1,,1,,3,,,,,,1,2,,,,,1,11|40|7|24|26|22|35|28|34|2,4,"1,4,10",3,6
75,2022-10-17 16:48:48,2022-10-17 16:50:54,100,126,2022-10-17 16:50:55,R_1dmFhE7IfScdjul,,1,,,,5,,,,,5,,,,,2,,,4,,,,3,,4,,4,4,,,,,,,,,,,1,,25|28|19|2|16|11|23|27|39|6,20,1,2,,1,,,,3,,,,,5,,,,,2,,,1,,,,1,,1,,1,3,,,,,,,,,,,1,,25|28|19|2|16|11|23|27|39|6,2,"1,4,10",2,"4,5,6"
76,2022-10-17 16:48:32,2022-10-17 16:51:09,100,157,2022-10-17 16:51:10,R_1HcnW2iiKExOUM2,,1,,,3,,,,,,,,,2,4,,,,,5,4,,,,,4,,,4,,,,,,,,3,4,,,29|38|2|37|21|26|15|20|14|5,19,2,2,,1,,,1,,,,,,,,,1,4,,,,,5,2,,,,,4,,,2,,,,,,,,2,4,,,29|38|2|37|21|26|15|20|14|5,4,"1,4,8",2,5
77,2022-10-17 16:49:30,2022-10-17 16:51:31,100,121,2022-10-17 16:51:31,R_1JK2KlFw8hDv9BE,,,,,5,,,,,,4,,1,,,3,,3,,,2,,,,,,,3,,,,2,,1,,,,,,5,34|32|16|13|40|18|21|5|28|11,20,1,1,,,,,4,,,,,,2,,3,,,3,,1,,,1,,,,,,,5,,,,2,,1,,,,,,2,34|32|16|13|40|18|21|5|28|11,2,"4,10",4,"2,4,5"
78,2022-10-17 16:35:47,2022-10-17 16:51:51,100,963,2022-10-17 16:51:51,R_ukLPpN05O5L6kcF,,,,,4,,,4,,,5,,3,3,,,3,,,,,5,,4,,,,,,,5,,,,,,,,,3,24|13|40|31|11|5|22|14|8|17,20,2,3,,,,,1,,,4,,,4,,1,1,,,3,,,,,1,,3,,,,,,,2,,,,,,,,,1,24|13|40|31|11|5|22|14|8|17,3,"1,2,4,5,8,9",5,"4,5"
79,2022-10-10 16:51:14,2022-10-10 16:52:26,85,72,2022-10-17 16:52:31,R_2qyEmJUUxHMLsCH,4,,,,,,,,,,,,,,,,2,2,3,5,,5,,,,,4,,,,,5,,,,,2,5,,,38|27|17|19|22|20|1|18|37|32,20,2,2,1,,,,,,,,,,,,,,,,3,4,3,5,,3,,,,,1,,,,,4,,,,,4,4,,,38|27|17|19|22|20|1|18|37|32,4,4,4,5
80,2022-10-10 16:52:27,2022-10-10 16:53:46,85,79,2022-10-17 16:53:51,R_2dGSDo4VKAmrqdB,5,,5,,,,,,,,,,,,,,,,3,,,,,,,4,,5,,,5,,5,,,5,5,,1,,39|3|36|33|31|37|19|26|28|1,19,1,3,1,,5,,,,,,,,,,,,,,,,4,,,,,,,2,,2,,,5,,5,,,5,3,,1,,39|3|36|33|31|37|19|26|28|1,3,"1,4,5",1,6
81,2022-10-17 16:52:44,2022-10-17 16:54:18,100,93,2022-10-17 16:54:18,R_exQXkNK8OMWLKJX,2,,3,1,,5,,,,,5,,,,,,,,,,2,5,,,,,,,,,5,5,,1,,,,,,,11|32|3|6|34|21|1|31|22|4,21,2,3,1,,3,3,,2,,,,,4,,,,,,,,,,1,4,,,,,,,,,2,4,,1,,,,,,,11|32|3|6|34|21|1|31|22|4,5,"1,4,8",1,5
82,2022-10-17 16:52:07,2022-10-17 16:55:06,100,179,2022-10-17 16:55:06,R_1LHZ6iqZN0BGmJg,,,,,,5,,,,,,5,4,,,,1,,5,,4,,,5,,,,4,,,,,,,,,,5,3,,39|38|21|24|19|28|17|12|13|6,21,2,2,,,,,,4,,,,,,3,3,,,,1,,3,,4,,,4,,,,3,,,,,,,,,,5,1,,39|38|21|24|19|28|17|12|13|6,3,"1,9,10",3,5
83,2022-10-17 16:55:20,2022-10-17 16:58:02,100,161,2022-10-17 16:58:02,R_3NKx3inXUgfD3ze,,1,,,,,5,4,,4,5,,,,4,,,2,,,,,,,,,,,,3,,4,,1,,,,,,,18|32|30|8|2|15|11|10|34|7,20,1,3,,3,,,,,4,2,,5,2,,,,5,,,3,,,,,,,,,,,,3,,5,,1,,,,,,,18|32|30|8|2|15|11|10|34|7,1,"3,4,10",5,5
84,2022-10-10 16:50:13,2022-10-10 16:59:08,85,534,2022-10-17 16:59:09,R_1fl1W5bOHtmBE1P,3,,4,2,4,,,,,4,,,,,,,,3,,,,4,,,,,4,,,,,,,4,,,,4,,,5|1|34|4|38|22|27|3|18|10,20,2,2,3,,4,3,3,,,,,4,,,,,,,,4,,,,3,,,,,4,,,,,,,3,,,,4,,,5|1|34|4|38|22|27|3|18|10,3,"1,8",2,5
85,2022-10-17 16:56:23,2022-10-17 16:59:40,100,197,2022-10-17 16:59:41,R_25GgoCxMOKYCwdV,5,,,,,,,,,,,,,,,,4,,,,,,,5,,3,,,,4,,4,5,,5,,,5,5,,30|38|26|17|35|1|24|39|33|32,27,1,2,1,,,,,,,,,,,,,,,,4,,,,,,,4,,4,,,,1,,2,4,,5,,,2,1,,30|38|26|17|35|1|24|39|33|32,2,"4,5,8",4,"2,4"
86,2022-10-10 16:59:14,2022-10-10 17:01:45,85,150,2022-10-17 17:01:50,R_2tKnxsBGwskoYYX,,,5,,,,3,3,,4,,,,,,,,,2,4,,,,,,,,3,,,4,5,,,,,4,,,,37|20|10|28|32|3|19|8|31|7,21,1,2,,,4,,,,3,3,,3,,,,,,,,,3,4,,,,,,,,4,,,4,3,,,,,4,,,,37|20|10|28|32|3|19|8|31|7,2,"4,9,10",3,5
87,2022-10-17 16:58:34,2022-10-17 17:02:37,100,243,2022-10-17 17:02:37,R_sSz22pTVXP2jVWF,,,4,,,4,,,,5,,,,4,,,,2,,,,5,,,,,,,,,,,5,2,,,3,4,,,10|37|33|6|38|18|3|22|34|14,20,1,3,,,2,,,1,,,,2,,,,2,,,,4,,,,2,,,,,,,,,,,2,1,,,3,2,,,10|37|33|6|38|18|3|22|34|14,1,"1,4,10",1,"4,5"
88,2022-10-10 17:01:37,2022-10-10 17:03:13,85,96,2022-10-17 17:03:13,R_31ooGyVVryJdzOM,,,,1,5,,,1,,,,,,,,,1,,3,,3,,1,,2,,,,,4,,,4,,,,,,,,33|25|19|4|5|21|30|17|23|8,23,1,3,,,,5,1,,,4,,,,,,,,,4,,1,,1,,3,,5,,,,,1,,,1,,,,,,,,33|25|19|4|5|21|30|17|23|8,1,"1,4,9",3,5
89,2022-10-10 17:01:41,2022-10-10 17:03:28,85,106,2022-10-17 17:03:31,R_2R1XSCzpbXivKX4,,2,,1,,,,2,,,,,2,,,,,2,,,2,5,,,,,5,,,,,5,,,4,,,,,,8|18|13|2|27|32|35|22|4|21,22,2,2,,1,,1,,,,3,,,,,1,,,,,3,,,1,5,,,,,3,,,,,5,,,4,,,,,,8|18|13|2|27|32|35|22|4|21,2,"1,2,4,8",4,4
90,2022-10-10 17:01:33,2022-10-10 17:09:32,85,478,2022-10-17 17:09:34,R_25R5oLCQFBgQ1SM,3,2,,2,,4,,,4,4,,,,,,,,,,,,3,,,3,,,,1,,4,,,,,,,,,,10|6|31|22|4|25|29|1|2|9,24,1,3,1,1,,2,,1,,,1,1,,,,,,,,,,,,1,,,1,,,,3,,1,,,,,,,,,,10|6|31|22|4|25|29|1|2|9,3,"1,3,4",2,"2,3"
91,2022-10-10 16:56:42,2022-10-10 17:09:40,85,778,2022-10-17 17:09:44,R_1LHaWovRQSNFiwH,4,,,,,5,,,,,5,4,1,,,,,1,,4,,,,4,,,,,,,,3,,,,3,,,,,6|12|36|13|20|1|24|11|32|18,21,1,2,1,,,,,3,,,,,1,1,4,,,,,3,,2,,,,4,,,,,,,,1,,,,1,,,,,6|12|36|13|20|1|24|11|32|18,1,"1,2,3,4,5,6,7,8",4,5
92,2022-10-10 17:01:09,2022-10-10 17:10:20,85,551,2022-10-17 17:10:22,R_3qIq8bkFNpFihI6,,,,,,,,,,5,5,,4,2,,,,,,5,,5,,,,,5,,,5,,,,,,,5,,1,,37|30|39|10|11|14|27|13|22|20,21,1,3,,,,,,,,,,2,4,,3,3,,,,,,4,,5,,,,,3,,,1,,,,,,,3,,3,,37|30|39|10|11|14|27|13|22|20,3,"1,2,4",4,"4,5"
93,2022-10-10 17:02:39,2022-10-10 17:19:21,85,1002,2022-10-17 17:19:29,R_2e9h9A52as7nlP3,5,3,,,,,,,,5,,,2,3,,,1,,5,5,,,,,,,,,,5,,,,,,,4,,,,17|13|20|14|19|2|1|30|37|10,21,2,2,4,3,,,,,,,,5,,,3,3,,,4,,4,5,,,,,,,,,,4,,,,,,,2,,,,17|13|20|14|19|2|1|30|37|10,3,"1,4,5",4,5
94,2022-10-10 17:12:30,2022-10-10 17:23:02,85,632,2022-10-17 17:23:03,R_2OU9nX7mjq9fr6i,,,,,,,,4,,3,1,4,,,2,,,,,2,,,,3,,,,,,,,,,,2,2,,,4,,35|10|12|11|15|20|24|36|8|39,21,2,3,,,,,,,,3,,2,4,3,,,2,,,,,4,,,,4,,,,,,,,,,,2,4,,,3,,35|10|12|11|15|20|24|36|8|39,3,"1,2,4,5,6",4,4
95,2022-10-18 16:39:04,2022-10-18 16:52:14,100,789,2022-10-18 16:52:15,R_1OpYvDnbfOnNOkz,,,,,,,,,2,,,,,,,,,3,,,4,5,,4,,,,4,2,,,,5,,,,,5,,4,40|28|21|38|9|33|29|24|22|18,21,2,2,,,,,,,,,3,,,,,,,,,2,,,1,3,,4,,,,2,5,,,,2,,,,,4,,1,40|28|21|38|9|33|29|24|22|18,1,"1,4,10",4,5
96,2022-10-18 16:54:27,2022-10-18 16:56:17,100,109,2022-10-18 16:56:18,R_2tsCE62RWhU76JO,,,,,5,,,,,5,,5,,,,,,3,,,3,,,,,,,,,,5,5,,1,1,,4,,,,34|35|21|5|37|18|31|12|32|10,19,1,2,,,,,4,,,,,5,,5,,,,,,4,,,2,,,,,,,,,,5,4,,1,2,,2,,,,34|35|21|5|37|18|31|12|32|10,1,"1,2,9",4,5
97,2022-10-18 16:58:36,2022-10-18 17:00:12,100,96,2022-10-18 17:00:12,R_2c78bTXIZdhKx48,,,,,5,,,,,,,2,,,,3,,,,5,,,,4,,,4,,,5,,,5,,2,,,,2,,30|33|5|20|24|12|16|27|35|39,19,2,2,,,,,5,,,,,,,4,,,,4,,,,5,,,,5,,,4,,,5,,,5,,3,,,,3,,30|33|5|20|24|12|16|27|35|39,2,"1,2,8",2,5
98,2022-10-18 17:00:06,2022-10-18 17:02:08,100,121,2022-10-18 17:02:08,R_8IE1VefIE6Vu9TH,4,,,,,,,,,,5,2,,4,,5,,2,,,,,,5,5,,,,3,,,,,,1,,,,,,14|18|25|11|1|24|16|29|12|35,19,2,2,1,,,,,,,,,,2,1,,1,,5,,2,,,,,,5,1,,,,5,,,,,,1,,,,,,14|18|25|11|1|24|16|29|12|35,3,"2,6,8",2,5
99,2022-10-11 16:32:16,2022-10-11 17:04:53,85,1956,2022-10-18 17:04:53,R_2ZCDx47qY9qDVxd,5,,,,5,,,,,,,2,1,,,5,4,,5,,5,,,,5,,,,,,,,,,,,,,,5,17|16|25|21|1|12|19|40|13|5,18,2,3,4,,,,1,,,,,,,2,1,,,4,4,,4,,4,,,,4,,,,,,,,,,,,,,,2,17|16|25|21|1|12|19|40|13|5,3,"1,2,4",4,"4,5"
100,2022-10-18 17:03:25,2022-10-18 17:05:08,100,102,2022-10-18 17:05:08,R_2dmxKQZbWaDn8ea,,,,2,,,2,4,,,,,,,,4,,,,,,,2,,2,4,,,,,4,,,,,,4,4,,,31|25|23|4|38|7|37|8|16|26,30,2,2,,,,3,,,3,4,,,,,,,,4,,,,,,,3,,1,4,,,,,4,,,,,,2,4,,,31|25|23|4|38|7|37|8|16|26,3,"1,4,7",2,5
101,2022-10-18 17:05:50,2022-10-18 17:07:43,100,112,2022-10-18 17:07:43,R_3kpGdSY2jelxyGy,,2,,,,,,,4,3,,,,,,,3,,4,,,4,,,,3,,,4,,,,,,4,,,,,5,9|40|10|17|2|26|35|22|29|19,20,1,2,,1,,,,,,,3,3,,,,,,,3,,2,,,2,,,,4,,,5,,,,,,4,,,,,2,9|40|10|17|2|26|35|22|29|19,3,"1,4,8",4,"1,4,5"
102,2022-10-11 16:32:13,2022-10-11 17:08:11,85,2158,2022-10-18 17:08:12,R_234ydjMz092EKBM,4,,,,4,,2,,,,,,,4,4,4,,,,4,,,,,,,,,2,,,,4,,,4,,,,,1|14|20|5|16|7|29|36|33|15,21,2,3,3,,,,3,,2,,,,,,,3,3,3,,,,4,,,,,,,,,2,,,,3,,,3,,,,,1|14|20|5|16|7|29|36|33|15,4,"2,4,5,9",2,"1,5"
103,2022-10-18 17:07:47,2022-10-18 17:10:13,100,146,2022-10-18 17:10:14,R_28zwImBjU4lIzzg,,2,,,,,,2,,,,,,,,,,,,,1,,2,4,4,3,,,3,2,,,,,3,,,,,,30|24|2|29|8|35|26|25|23|21,20,1,2,,2,,,,,,3,,,,,,,,,,,,,2,,2,3,2,4,,,4,4,,,,,3,,,,,,30|24|2|29|8|35|26|25|23|21,3,"1,4,8,10",4,"1,4,5"
104,2022-10-11 16:32:15,2022-10-11 17:20:08,85,2873,2022-10-18 17:20:10,R_ueONxAiSbgzMWxH,,,,2,,,,4,,,,4,,,4,,3,,,,,,2,,,,5,,,,,5,5,,,,,,,5,12|40|33|23|32|27|17|8|4|15,21,1,1,,,,4,,,,4,,,,2,,,2,,1,,,,,,1,,,,2,,,,,2,2,,,,,,,2,12|40|33|23|32|27|17|8|4|15,1,"6,10",5,"4,5"
105,2022-10-19 13:51:24,2022-10-19 13:53:00,100,95,2022-10-19 13:53:01,R_4Yl4ItJ3LXyuBIR,,2,3,,,,5,,,,,,,,5,,,,2,,,,,,,,,,,,5,5,5,,3,,,5,,,33|32|3|31|35|2|15|7|19|38,21,1,2,,1,1,,,,1,,,,,,,,1,,,,1,,,,,,,,,,,,1,1,1,,1,,,1,,,33|32|3|31|35|2|15|7|19|38,3,"1,4,10",2,5
106,2022-10-19 16:31:40,2022-10-19 16:32:39,100,59,2022-10-19 16:32:40,R_808XezPmK9ARQrL,,1,1,,,,1,1,,,,,1,1,,,,,,,,,1,,1,,,1,,,,1,,,,,,,,,32|13|3|28|7|25|14|8|23|2,21,2,3,,3,2,,,,2,3,,,,,2,2,,,,,,,,,2,,2,,,2,,,,2,,,,,,,,,32|13|3|28|7|25|14|8|23|2,2,"1,4",4,5
107,2022-10-19 16:31:29,2022-10-19 16:32:43,100,74,2022-10-19 16:32:43,R_8dnMXq7gZZzRNDz,,,5,1,,,4,,,5,,,,,,5,,,,,3,,,4,,,,,,,,,5,,3,,2,,,,10|4|21|37|33|24|35|16|7|3,20,1,1,,,1,4,,,2,,,1,,,,,,1,,,,,1,,,1,,,,,,,,,1,,4,,2,,,,10|4|21|37|33|24|35|16|7|3,4,"2,4,6",4,4
108,2022-10-19 16:31:33,2022-10-19 16:33:00,100,87,2022-10-19 16:33:01,R_31vJaqwVEgY7a7I,,,,,,,,,,,,,,2,,,2,,,,,5,,4,,,,5,,3,,5,,2,,,,,5,2,17|24|14|40|30|22|28|39|32|34,20,1,2,,,,,,,,,,,,,,2,,,2,,,,,3,,2,,,,4,,2,,4,,1,,,,,2,3,17|24|14|40|30|22|28|39|32|34,2,"1,2,4,6",4,"4,5"
109,2022-10-19 16:31:37,2022-10-19 16:33:03,100,86,2022-10-19 16:33:04,R_3ff9Eo9Lhd9K5zD,,,,1,5,,,2,2,,,,,,,,,,,,4,,1,,,,,,,,,,,,,,4,5,1,3,4|39|21|5|38|8|9|40|23|37,20,2,2,,,,1,3,,,3,3,,,,,,,,,,,,3,,3,,,,,,,,,,,,,,3,5,1,3,4|39|21|5|38|8|9|40|23|37,3,"1,3,4,8",2,5
110,2022-10-19 16:31:27,2022-10-19 16:33:16,100,109,2022-10-19 16:33:17,R_1Kv62V0i3bw3xET,,1,,,,,3,,2,,,,,,,,,,4,,3,,2,,,4,5,,2,,,,,,,4,,,,,19|26|7|23|27|21|29|36|2|9,21,1,2,,3,,,,,3,,3,,,,,,,,,,3,,3,,3,,,3,3,,3,,,,,,,3,,,,,19|26|7|23|27|21|29|36|2|9,4,"1,4,10",1,5
111,2022-10-19 16:31:35,2022-10-19 16:33:19,100,103,2022-10-19 16:33:19,R_OjQjLHDVOPFrP1v,,,4,,,5,,2,,,5,,,2,,,,,,,,,2,,4,3,,,,,5,,5,,,,,,,,11|26|6|25|23|14|31|8|33|3,20,1,2,,,3,,,4,,4,,,5,,,4,,,,,,,,,1,,2,1,,,,,4,,3,,,,,,,,11|26|6|25|23|14|31|8|33|3,2,"1,7,10",2,5
112,2022-10-19 16:31:53,2022-10-19 16:33:50,100,116,2022-10-19 16:33:50,R_3p5YlXixe8fwBOY,,,,,5,5,,,,,,,,2,3,,1,,5,5,,,1,4,,,5,,,,,,,,,,,,,,23|14|5|20|19|24|15|17|6|27,19,2,2,,,,,3,3,,,,,,,,1,5,,1,,1,5,,,1,4,,,2,,,,,,,,,,,,,,23|14|5|20|19|24|15|17|6|27,4,"1,10",2,4
113,2022-10-19 16:31:36,2022-10-19 16:33:51,100,135,2022-10-19 16:33:52,R_2OMzCHxmKEepkZ5,,,3,,,,,,2,,4,,,,3,,,2,,,,,,,,,4,,,,5,,5,,,5,,,1,,11|18|15|27|33|9|3|31|39|36,20,1,2,,,3,,,,,,4,,2,,,,2,,,4,,,,,,,,,3,,,,2,,1,,,1,,,1,,11|18|15|27|33|9|3|31|39|36,4,10,1,5
114,2022-10-19 16:31:37,2022-10-19 16:34:01,100,144,2022-10-19 16:34:02,R_3EGzC1BLF9Kcv7j,,,,,,,,,,2,,,,,,,1,2,4,,,5,,,,3,,,,4,,,5,2,,,2,,,,10|30|37|34|19|17|18|26|33|22,20,1,3,,,,,,,,,,1,,,,,,,1,3,3,,,2,,,,3,,,,1,,,3,2,,,4,,,,10|30|37|34|19|17|18|26|33|22,3,"1,4,8",2,5
115,2022-10-19 16:31:38,2022-10-19 16:34:25,100,166,2022-10-19 16:34:25,R_sditctDtzwoF0RP,,,,,5,,,,3,,,,,3,,,,,,,,5,,,,,5,4,,,,,,3,,4,1,,1,,36|27|9|37|39|22|34|28|5|14,20,1,2,,,,,2,,,,2,,,,,1,,,,,,,,2,,,,,2,4,,,,,,1,,1,4,,1,,36|27|9|37|39|22|34|28|5|14,1,"1,2,4,10",2,5
116,2022-10-19 16:32:50,2022-10-19 16:35:14,100,143,2022-10-19 16:35:14,R_2OGAU7raj31WAIl,,,,,4,,,,,4,,2,,,,,2,,,,,3,,,,5,,,,,4,,3,,3,,4,,,,5|35|33|37|31|17|12|22|10|26,22,1,3,,,,,3,,,,,2,,2,,,,,3,,,,,1,,,,3,,,,,2,,3,,3,,5,,,,5|35|33|37|31|17|12|22|10|26,3,4,2,4
117,2022-10-19 16:32:03,2022-10-19 16:35:25,100,201,2022-10-19 16:35:25,R_3nNITjykA3amAQ3,,,5,,,,,2,,,,,2,,,5,,2,,,,,,4,,3,5,,,,,,,2,,,,5,,,13|34|16|3|26|18|38|27|24|8,20,2,2,,,4,,,,,3,,,,,1,,,4,,3,,,,,,4,,4,4,,,,,,,1,,,,4,,,13|34|16|3|26|18|38|27|24|8,4,"1,4,8",2,"2,5"
118,2022-10-12 16:46:13,2022-10-12 16:47:35,85,82,2022-10-19 16:47:36,R_zes1ZKAk2aZ2uVX,,,,,,,,,,,,1,2,5,,,,,,4,,,4,,,,,4,,3,3,,2,,,,4,,,,13|23|31|20|33|37|30|28|12|14,19,2,3,,,,,,,,,,,,3,2,4,,,,,,4,,,3,,,,,4,,3,2,,3,,,,4,,,,13|23|31|20|33|37|30|28|12|14,5,10,4,"1,4"
119,2022-10-12 16:48:10,2022-10-12 16:49:57,85,106,2022-10-19 16:50:01,R_DwaAsqsggwI5nzj,4,3,,4,,3,,,,4,,,,,,,,4,,,,,,,,2,3,,3,3,,,,,,,,,,,27|10|6|2|29|18|4|26|30|1,22,1,3,2,4,,3,,4,,,,2,,,,,,,,2,,,,,,,,3,2,,4,3,,,,,,,,,,,27|10|6|2|29|18|4|26|30|1,5,"3,5,10",1,5
120,2022-10-12 16:49:14,2022-10-12 16:51:33,85,138,2022-10-19 16:51:39,R_2Y4CFkFs00UhxXv,,,,,,,,,,,,2,,,,,1,1,4,,3,,,4,,3,3,,,,5,,,,2,,,,,,24|19|35|26|31|21|27|17|12|18,22,1,1,,,,,,,,,,,,2,,,,,3,4,1,,1,,,1,,1,1,,,,1,,,,2,,,,,,24|19|35|26|31|21|27|17|12|18,3,"1,2,10",1,6
121,2022-10-12 16:45:55,2022-10-12 16:54:36,85,521,2022-10-19 16:54:40,R_3G9wam5TLHRAmgF,5,2,,,,,,,,,,,3,3,5,5,,,,,4,,,,,,,,,,,,,3,,,,,1,5,39|1|21|14|40|13|15|34|2|16,23,1,2,2,1,,,,,,,,,,,1,1,3,4,,,,,1,,,,,,,,,,,,,2,,,,,1,3,39|1|21|14|40|13|15|34|2|16,3,"1,2,4",4,"4,5"
122,2022-10-12 16:52:21,2022-10-12 17:03:53,85,691,2022-10-19 17:03:57,R_3PAaN5iLbnWHQPz,,,,,,,,,2,,,,,,,,,,,4,4,,,2,,,4,4,,2,4,,,4,,,2,,,,20|31|28|21|37|9|30|34|27|24,18,2,2,,,,,,,,,4,,,,,,,,,,,5,4,,,5,,,4,4,,1,3,,,1,,,4,,,,20|31|28|21|37|9|30|34|27|24,4,"1,4,8",4,5
123,2022-10-12 16:46:38,2022-10-12 17:04:27,85,1069,2022-10-19 17:04:33,R_dg37SECdCwfr9WV,4,,3,,,,,,4,,,,,,3,,,,,4,,,2,,,,,,,,4,,,1,,4,,,1,,36|31|20|34|15|3|9|23|1|39,20,1,2,2,,2,,,,,,2,,,,,,2,,,,,3,,,2,,,,,,,,3,,,1,,4,,,2,,36|31|20|34|15|3|9|23|1|39,5,"1,2,8",1,5
124,2022-10-12 16:47:45,2022-10-12 17:28:23,85,2437,2022-10-19 17:28:23,R_2v1bh6LPDSbT0KM,5,,,,,5,,,5,,,,1,,5,,1,,,,,,,,,,5,5,,5,5,,,,,,,,,,13|9|17|28|1|6|27|30|31|15,19,1,2,1,,,,,3,,,5,,,,1,,4,,1,,,,,,,,,,2,5,,2,2,,,,,,,,,,13|9|17|28|1|6|27|30|31|15,2,"1,2,7,8",3,5
125,2022-10-13 16:41:24,2022-10-13 16:46:22,85,298,2022-10-20 16:46:24,R_2qpZm0wemI8Tn1w,,,3,,,3,,3,4,,2,,,,,,,,,,,,2,,,,,,,,2,,,,,3,,,3,4,9|3|40|39|6|11|23|8|36|31,20,1,1,,,4,,,4,,4,3,,3,,,,,,,,,,,,4,,,,,,,,4,,,,,3,,,3,3,9|3|40|39|6|11|23|8|36|31,2,"4,10",4,"1,2,5"
126,2022-10-20 16:44:59,2022-10-20 16:46:49,100,109,2022-10-20 16:46:49,R_9pEwh4IA07pmgtX,,,4,,,5,,2,,4,,,2,4,,,,,,5,,,,,,,,,,,,,,2,,5,4,,,,37|13|36|20|6|3|34|10|14|8,22,1,3,,,3,,,2,,4,,2,,,2,1,,,,,,5,,,,,,,,,,,,,,2,,2,4,,,,37|13|36|20|6|3|34|10|14|8,4,"5,6,8",2,4
127,2022-10-20 16:45:34,2022-10-20 16:47:14,100,100,2022-10-20 16:47:14,R_7NXbGqe92Wq6NDr,5,,,,,,,,4,4,5,,,,,4,1,,,,,,4,,,,,,,,,4,,,,5,,,2,,11|9|16|10|17|32|23|39|1|36,21,2,2,3,,,,,,,,5,4,4,,,,,4,3,,,,,,3,,,,,,,,,4,,,,5,,,2,,11|9|16|10|17|32|23|39|1|36,3,"1,7,8",1,5
128,2022-10-13 16:48:10,2022-10-13 16:49:06,85,55,2022-10-20 16:49:11,R_1GCzWe0aLTNoMA3,,,,,5,,,,3,,,,,,3,,,3,,,,,4,,,,,,,3,5,,4,4,5,,,,,,33|31|5|23|35|30|34|15|18|9,21,1,2,,,,,2,,,,2,,,,,,2,,,2,,,,,3,,,,,,,3,1,,3,3,2,,,,,,33|31|5|23|35|30|34|15|18|9,2,"4,5",4,2
129,2022-10-20 16:52:00,2022-10-20 16:54:21,100,141,2022-10-20 16:54:22,R_2dHo8rxZC2hA7DP,4,,,,,5,,,,4,,3,,,,,3,,,4,,3,,2,2,,,,,,,,,2,,,,,,,25|22|1|6|12|20|24|34|10|17,22,1,3,3,,,,,3,,,,4,,3,,,,,3,,,4,,3,,4,3,,,,,,,,,3,,,,,,,25|22|1|6|12|20|24|34|10|17,1,"1,4,7",3,"4,5"
130,2022-10-13 16:52:58,2022-10-13 16:54:26,85,87,2022-10-20 16:54:27,R_viR7XQoYQpSDiG5,5,,,,5,,,,,5,,,,,,,1,,,,5,,,4,,4,,,,5,,,,,3,,,,1,,39|30|24|26|17|1|35|5|10|21,20,1,2,2,,,,3,,,,,3,,,,,,,4,,,,2,,,4,,3,,,,3,,,,,3,,,,2,,39|30|24|26|17|1|35|5|10|21,3,"1,2,4",2,5
131,2022-10-13 16:59:33,2022-10-13 17:01:22,85,109,2022-10-20 17:01:28,R_1d62yD16ztlnvfn,,,,,,,,,3,,,,3,,3,,,2,,,,5,2,,,,,3,,,,4,,,,,3,4,,,38|23|28|32|18|37|9|22|13|15,19,2,3,,,,,,,,,3,,,,3,,4,,,3,,,,3,4,,,,,4,,,,4,,,,,4,4,,,38|23|28|32|18|37|9|22|13|15,4,"1,2,10",5,"4,5"
132,2022-10-13 16:52:15,2022-10-13 17:02:46,85,630,2022-10-20 17:02:50,R_3mjDfW3FIug0qQs,5,,,,5,,,,,,,,4,5,,,2,,,,,5,,,,3,,,,,,,5,,3,,4,,,,26|13|5|37|22|14|33|1|17|35,21,1,2,5,,,,5,,,,,,,,5,5,,,5,,,,,5,,,,5,,,,,,,5,,4,,5,,,,26|13|5|37|22|14|33|1|17|35,3,"1,2,10",2,5
133,2022-10-13 16:50:50,2022-10-13 17:03:27,85,757,2022-10-20 17:03:31,R_vx0fj9w3wdrLAsh,5,,,,,,,,,,5,,,3,,5,1,,,,3,,5,,,4,,,,,,,,1,,5,,,,,21|16|14|11|23|36|1|34|26|17,19,1,2,1,,,,,,,,,,5,,,1,,5,1,,,,1,,5,,,2,,,,,,,,1,,5,,,,,21|16|14|11|23|36|1|34|26|17,3,"1,8",1,5
134,2022-10-13 16:58:11,2022-10-13 17:11:19,85,788,2022-10-20 17:11:20,R_2QrqG5FXi7asnqH,,,4,,,5,2,,,,,,3,,,,,,,5,,5,2,,,,,,,4,,,,,,,2,,,3,23|13|7|22|30|6|20|3|40|37,20,2,2,,,4,,,4,3,,,,,,1,,,,,,,5,,4,3,,,,,,,4,,,,,,,3,,,3,23|13|7|22|30|6|20|3|40|37,3,"1,4,10",4,"4,5"
135,2022-10-13 17:11:39,2022-10-13 17:12:49,85,70,2022-10-20 17:12:53,R_1H79vj00iIiCE4a,,,,3,,,3,,3,,,,,3,3,,,,,5,,,3,,3,,,,,5,,,,2,,,,,,,15|30|7|23|20|34|4|9|14|25,20,1,2,,,,3,,,1,,1,,,,,1,1,,,,,1,,,1,,1,,,,,1,,,,1,,,,,,,15|30|7|23|20|34|4|9|14|25,5,"1,8",1,5
136,2022-10-13 17:01:43,2022-10-13 17:14:29,85,765,2022-10-20 17:14:33,R_2bUWU9jK1aTA8oV,,,,,,5,,,4,4,,,,,,5,,,4,,3,5,,4,,,,,,,,5,,,,,,,,5,9|40|10|24|19|6|32|22|16|21,19,2,2,,,,,,3,,,3,2,,,,,,5,,,1,,1,4,,3,,,,,,,,5,,,,,,,,4,9|40|10|24|19|6|32|22|16|21,5,"1,2,8",3,4
137,2022-10-13 17:00:44,2022-10-13 17:15:25,85,880,2022-10-20 17:15:26,R_1nWb1TJRMbwdQsp,,,,,,5,3,,,4,5,,,3,,,,,,,,,,,5,,,,,,5,,,2,,5,5,,,,6|14|7|25|36|37|31|34|10|11,20,2,2,,,,,,4,2,,,3,5,,,1,,,,,,,,,,,2,,,,,,1,,,1,,5,3,,,,6|14|7|25|36|37|31|34|10|11,4,"1,4,9",4,5
138,2022-10-13 16:57:31,2022-10-13 17:17:40,85,1209,2022-10-20 17:17:49,R_2PBU1qECPI0aSfE,5,,,2,5,,,,,,,,3,3,,,2,,5,,3,,3,,,,,,,,,,,,,5,,,,,36|4|19|1|5|23|14|21|13|17,20,2,2,5,,,3,5,,,,,,,,5,2,,,2,,5,,5,,5,,,,,,,,,,,,,5,,,,,36|4|19|1|5|23|14|21|13|17,3,"1,2,4",4,5
139,2022-10-14 16:32:47,2022-10-14 16:34:15,85,88,2022-10-21 16:34:19,R_u9Zugfh4vzJlpaF,5,,,,,,,,,,,,2,,,,3,,,4,,5,,,,4,,,,,5,4,,,,,,5,,5,22|17|40|26|1|38|20|13|32|31,21,1,2,5,,,,,,,,,,,,5,,,,2,,,5,,5,,,,5,,,,,5,4,,,,,,5,,4,22|17|40|26|1|38|20|13|32|31,1,"1,4,8,9",4,4
140,2022-10-14 16:36:39,2022-10-14 16:39:31,85,171,2022-10-21 16:39:35,R_d4ZTkw6w6On3XFf,,,,3,,,,4,4,,5,,3,4,,,,3,,,,,,5,,,,4,,,,,,,,,,,,4,9|8|18|11|24|14|40|28|13|4,21,1,3,,,,2,,,,2,2,,2,,2,2,,,,2,,,,,,2,,,,2,,,,,,,,,,,,2,9|8|18|11|24|14|40|28|13|4,1,"1,2,3,4,5,6,7,8,10",4,5
141,2022-10-21 16:49:58,2022-10-21 16:51:19,100,81,2022-10-21 16:51:20,R_3LaUCWmQN25AJDr,,,,3,,,,,3,,,1,3,,,4,,,,,,3,3,3,3,,3,,,,,,,,,,,,,,23|25|27|22|13|24|4|9|12|16,20,2,3,,,,4,,,,,2,,,2,3,,,5,,,,,,3,1,3,3,,3,,,,,,,,,,,,,,23|25|27|22|13|24|4|9|12|16,5,"1,4,5",4,5
142,2022-10-21 16:50:09,2022-10-21 16:52:04,100,115,2022-10-21 16:52:04,R_1BPYwjLRXgrzyQm,,3,,3,,4,3,,,,5,,,,,,,,,,,5,,,4,,,,,,,4,,,,,3,,,4,22|32|37|40|25|6|4|2|11|7,20,2,2,,1,,3,,2,5,,,,4,,,,,,,,,,,3,,,1,,,,,,,4,,,,,3,,,2,22|32|37|40|25|6|4|2|11|7,2,"1,4",4,5
143,2022-10-21 16:53:40,2022-10-21 16:56:19,100,159,2022-10-21 16:56:20,R_2UbdxKUq7tSDP9L,4,,,1,,,,,,,5,,,,,,,,3,,,5,,,,,,,3,,,4,,2,2,,,4,,,11|22|32|35|38|34|19|4|29|1,20,1,2,4,,,1,,,,,,,5,,,,,,,,2,,,4,,,,,,,4,,,5,,2,4,,,5,,,11|22|32|35|38|34|19|4|29|1,2,"2,7",3,"1,2,4,5"
144,2022-10-21 16:57:20,2022-10-21 16:59:30,100,130,2022-10-21 16:59:31,R_3HTtAo5K9TzasT4,,,4,,,,,,3,,5,2,,,,,,2,,,4,,,4,,,5,4,,,,,,,,,,,,3,21|28|18|9|3|24|27|12|11|40,22,1,1,,,3,,,,,,1,,1,1,,,,,,4,,,1,,,2,,,3,4,,,,,,,,,,,,3,21|28|18|9|3|24|27|12|11|40,3,"1,4,6",2,"1,3,4,5"
145,2022-10-21 16:59:04,2022-10-21 17:01:07,100,123,2022-10-21 17:01:07,R_3HXOLCxiXZxJbLj,,,,,,,,,,5,5,4,,,5,5,,,2,,,5,,,,,,,,,,5,,,,,,4,,3,12|16|11|22|15|40|10|19|38|32,20,1,2,,,,,,,,,,3,3,1,,,3,3,,,3,,,1,,,,,,,,,,3,,,,,,3,,1,12|16|11|22|15|40|10|19|38|32,1,"1,4,10",4,1
146,2022-10-21 17:01:05,2022-10-21 17:02:59,100,114,2022-10-21 17:03:00,R_2Crf14aEgMNvioV,,1,,1,5,5,,,,5,,,,,,,,,,,5,,,,,,,,,5,,,,,5,,,5,4,,21|39|10|38|35|30|4|5|6|2,21,1,2,,1,,3,1,3,,,,3,,,,,,,,,,,1,,,,,,,,,1,,,,,5,,,4,2,,21|39|10|38|35|30|4|5|6|2,3,"1,2,4",5,"4,5"
147,2022-10-21 17:02:39,2022-10-21 17:04:36,100,117,2022-10-21 17:04:37,R_3dQegcV7R0IG2Ml,,2,,,5,,,,4,5,,,3,,5,,,,,,,,,,,,,,4,,5,,,1,,5,,,,,10|36|29|5|9|2|15|31|13|34,20,1,3,,1,,,1,,,,3,2,,,3,,3,,,,,,,,,,,,,,2,,1,,,1,,3,,,,,10|36|29|5|9|2|15|31|13|34,4,"1,4",3,"4,5"
148,2022-10-21 17:03:09,2022-10-21 17:05:48,100,158,2022-10-21 17:05:48,R_pEEwkXYeoFm98L7,,2,,,,,,3,,,5,,,,,,1,2,4,,,,,,,,,,,4,,,,,,,4,,3,3,18|11|37|19|30|40|8|39|17|2,21,2,3,,2,,,,,,3,,,4,,,,,,3,2,3,,,,,,,,,,,1,,,,,,,2,,3,3,18|11|37|19|30|40|8|39|17|2,4,"1,4,9",2,1
149,2022-10-21 17:04:58,2022-10-21 17:07:24,100,146,2022-10-21 17:07:25,R_0pplSxKVRroDhDz,,,3,,,3,,,,3,,,,,,,,,,,3,3,,,,3,3,,,,3,,,,3,,,,3,,3|6|35|27|31|10|39|22|26|21,20,2,3,,,3,,,4,,,,2,,,,,,,,,,,3,3,,,,5,2,,,,3,,,,4,,,,2,,3|6|35|27|31|10|39|22|26|21,3,"1,4,8,9",4,4
150,2022-10-21 17:08:02,2022-10-21 17:10:01,100,119,2022-10-21 17:10:02,R_3KBd6VE9z9acHgX,,,,,,,4,4,,,5,,3,,,,,,,,4,,,,4,4,,4,4,,,,,,,,,,,4,25|13|26|21|28|8|40|29|7|11,21,2,1,,,,,,,4,3,,,2,,2,,,,,,,,2,,,,1,2,,2,4,,,,,,,,,,,3,25|13|26|21|28|8|40|29|7|11,3,5,1,6
151,2022-10-14 17:03:30,2022-10-14 17:11:44,85,494,2022-10-21 17:11:45,R_1dpeIJOJSzFEGPR,5,,,2,,,,,,,,,4,,,,2,,,,,,4,,,,,,,,5,5,,,,,4,5,,4,17|13|31|23|40|38|4|1|32|37,20,2,2,3,,,4,,,,,,,,,3,,,,4,,,,,,4,,,,,,,,3,4,,,,,4,4,,4,17|13|31|23|40|38|4|1|32|37,2,"1,2,4,5,7",4,5
152,2022-10-14 16:33:20,2022-10-14 17:22:34,85,2954,2022-10-21 17:22:37,R_x3odEMgBRAYxEsx,,,,,,,,,,5,,,3,,,5,,,,,,5,,,,5,,3,,,,5,5,,,,,5,,4,38|10|26|22|28|13|16|40|33|32,27,1,2,,,,,,,,,,4,,,3,,,5,,,,,,5,,,,4,,4,,,,5,5,,,,,3,,1,38|10|26|22|28|13|16|40|33|32,2,"3,5,7",1,5
153,2022-10-21 17:20:53,2022-10-21 17:23:19,100,146,2022-10-21 17:23:20,R_247eumVVy60nxhC,,,4,2,,,2,,3,,,,,,,5,3,,,,,,,5,,,,,,,,,5,3,,,3,,,,33|34|24|9|3|16|4|37|7|17,20,2,2,,,4,4,,,5,,4,,,,,,,4,4,,,,,,,4,,,,,,,,,5,1,,,4,,,,33|34|24|9|3|16|4|37|7|17,4,1,3,"4,5"
155,2022-10-24 16:31:04,2022-10-24 16:32:09,100,64,2022-10-24 16:32:10,R_2X0s7s7yzTsG72G,3,,,,,,3,3,3,,3,,,3,,,,,3,,,,,3,,,,,,,,,,,3,,3,,,,7|37|9|35|19|14|8|1|11|24,20,3,2,5,,,,,,4,5,4,,5,,,5,,,,,5,,,,,5,,,,,,,,,,,4,,4,,,,7|37|9|35|19|14|8|1|11|24,2,"3,8,10",5,2
156,2022-10-24 16:30:44,2022-10-24 16:32:15,100,91,2022-10-24 16:32:16,R_1IbnU5vTRCHex8s,5,2,,,,5,4,,,,,,3,,4,,,,,,,,4,,,,4,,,,5,,5,,,,,,,,15|33|6|31|13|27|2|7|23|1,21,2,2,3,3,,,,5,5,,,,,,3,,5,,,,,,,,3,,,,3,,,,5,,5,,,,,,,,15|33|6|31|13|27|2|7|23|1,3,"1,4,7,8",3,5
157,2022-10-24 16:30:45,2022-10-24 16:32:18,100,92,2022-10-24 16:32:18,R_2VmcAl3DIHB3I4i,,,,,5,,5,,5,5,,4,,,,,4,,,,4,,,5,3,,,,,,,,,,,,,5,,,25|17|12|7|38|9|21|10|5|24,20,1,2,,,,,3,,4,,4,3,,3,,,,,2,,,,2,,,4,2,,,,,,,,,,,,,4,,,25|17|12|7|38|9|21|10|5|24,2,"2,4,5,7",2,"1,3"
158,2022-10-24 16:30:42,2022-10-24 16:32:47,100,125,2022-10-24 16:32:48,R_3J8ElCxEMg6ijtW,,1,,,5,,3,,,,,,,,,4,,2,,,,,,,,,4,,,,4,4,5,2,,,,,,,32|7|18|5|2|34|27|33|31|16,21,2,2,,2,,,2,,5,,,,,,,,,4,,1,,,,,,,,,2,,,,2,4,3,1,,,,,,,32|7|18|5|2|34|27|33|31|16,4,"1,2,4",2,5
159,2022-10-24 16:30:41,2022-10-24 16:32:51,100,130,2022-10-24 16:32:52,R_2Eo9CTbWqHeEnzO,,2,4,,,4,3,1,,,4,,,,,,1,,,,,,2,,,,,,,,,,4,,,,2,,,,37|11|33|3|7|6|23|17|8|2,20,2,3,,1,2,,,3,5,3,,,3,,,,,,2,,,,,,2,,,,,,,,,,4,,,,3,,,,37|11|33|3|7|6|23|17|8|2,4,"1,4",2,5
160,2022-10-24 16:29:42,2022-10-24 16:33:08,100,205,2022-10-24 16:33:08,R_6fMmZM40cVesfux,,,,,,,2,,,2,,,2,3,3,,,,2,,,,,,4,,,,,,,,5,,,2,,,2,,25|36|7|19|39|13|10|14|15|33,21,1,2,,,,,,,1,,,1,,,1,1,1,,,,1,,,,,,1,,,,,,,,1,,,1,,,1,,25|36|7|19|39|13|10|14|15|33,5,"1,4,5",1,1
161,2022-10-24 16:30:52,2022-10-24 16:33:15,100,143,2022-10-24 16:33:16,R_2YnPY2wTzt35k7u,,,2,,,,,1,,,4,1,,,,,,,,4,,,,1,3,,,,2,,4,3,,,,,,,,,25|24|8|3|20|11|32|12|29|31,20,2,3,,,1,,,,,2,,,1,2,,,,,,,,2,,,,1,1,,,,4,,1,2,,,,,,,,,25|24|8|3|20|11|32|12|29|31,3,"1,2,7",1,"4,5"
162,2022-10-24 16:30:43,2022-10-24 16:33:27,100,164,2022-10-24 16:33:28,R_1Dom59JJ8mv66NE,,2,2,2,,,,,,,,,,,4,,,3,,4,,,,,,,,5,4,,,5,,2,,,,,,,3|29|15|34|32|28|18|4|20|2,20,1,2,,2,3,4,,,,,,,,,,,2,,,3,,3,,,,,,,,4,4,,,4,,1,,,,,,,3|29|15|34|32|28|18|4|20|2,3,"1,8,10",2,5
163,2022-10-24 16:31:14,2022-10-24 16:33:31,100,137,2022-10-24 16:33:31,R_85QwWgKjMdbyD9T,,,,,,,,,5,5,5,1,3,,,5,,,,,1,,,,,,,3,,,,,,,,,3,5,,,16|38|10|13|9|28|11|12|21|37,23,1,2,,,,,,,,,1,1,1,1,1,,,1,,,,,1,,,,,,,1,,,,,,,,,1,1,,,16|38|10|13|9|28|11|12|21|37,3,"1,4,8",2,5
164,2022-10-24 16:30:53,2022-10-24 16:34:00,100,187,2022-10-24 16:34:01,R_3qVcogZsqnAzOfX,,,,,,,2,2,,,4,2,,,5,,,2,,,,5,,4,,,,,,,5,,,,3,,,,,,22|15|12|11|35|8|24|31|18|7,20,2,2,,,,,,,4,2,,,4,2,,,4,,,4,,,,4,,3,,,,,,,3,,,,3,,,,,,22|15|12|11|35|8|24|31|18|7,4,"1,4,7",4,5
165,2022-10-24 16:30:47,2022-10-24 16:34:02,100,194,2022-10-24 16:34:02,R_wQM8B62AxvUzTsl,4,,,,5,,2,,,5,5,,,,,,,,,2,4,,,,,4,4,,,,,,5,,,,,,,,7|27|5|10|26|33|20|21|11|1,20,2,2,4,,,,2,,2,,,3,5,,,,,,,,,5,4,,,,,4,2,,,,,,4,,,,,,,,7|27|5|10|26|33|20|21|11|1,2,"4,10",4,"4,5"
167,2022-10-25 16:42:32,2022-10-25 16:43:57,100,84,2022-10-25 16:43:57,R_2SriegslnOz1Tlx,,1,,,5,,,,,,5,,,,5,,,5,,,5,,,5,5,5,,,,,5,,,,,,,,,,18|24|21|2|15|31|11|26|25|5,20,1,1,,1,,,5,,,,,,5,,,,1,,,3,,,1,,,1,5,5,,,,,5,,,,,,,,,,18|24|21|2|15|31|11|26|25|5,5,"1,2,4,6",5,"1,2,3,4,5"
168,2022-10-25 16:45:04,2022-10-25 16:46:56,100,112,2022-10-25 16:46:57,R_2WAtKuGMpieCDao,,,,,,5,2,,5,,,2,2,,,,,,,,,,,,,,4,4,,,,,,2,,,,5,2,,7|39|34|38|27|13|9|28|6|12,20,2,2,,,,,,2,4,,1,,,2,1,,,,,,,,,,,,,,1,2,,,,,,1,,,,4,2,,7|39|34|38|27|13|9|28|6|12,2,"1,2,4",5,5
169,2022-10-25 16:47:39,2022-10-25 16:49:16,100,97,2022-10-25 16:49:17,R_2WP6VNFEHyauj35,5,3,,,,,,,,,,,,,,,,3,,,,5,3,,5,,4,,4,,,,,,,,,,3,5,18|27|22|25|1|40|39|2|29|23,20,1,2,4,3,,,,,,,,,,,,,,,,2,,,,4,2,,4,,4,,4,,,,,,,,,,3,4,18|27|22|25|1|40|39|2|29|23,2,"2,4,7,8",3,5
170,2022-10-25 16:49:31,2022-10-25 16:51:35,100,124,2022-10-25 16:51:36,R_3DhBtv63MLj4BHy,,,,,,,4,,,5,,,4,,,,1,3,2,,,5,,5,,,,,,,,,,,,4,2,,,,22|17|7|18|19|10|36|24|13|37,20,1,2,,,,,,,1,,,1,,,2,,,,1,2,1,,,2,,1,,,,,,,,,,,,1,2,,,,22|17|7|18|19|10|36|24|13|37,1,1,2,5
171,2022-10-25 16:49:59,2022-10-25 16:53:22,100,203,2022-10-25 16:53:22,R_7Pxz6KFQIv1U6oF,,,,,4,,,1,3,,,,,,,5,,2,,5,,,3,,,,4,,4,,5,,,,,,,,,,20|16|27|29|31|18|9|5|23|8,20,2,2,,,,,2,,,1,2,,,,,,,4,,1,,5,,,3,,,,2,,5,,3,,,,,,,,,,20|16|27|29|31|18|9|5|23|8,4,"1,4,8",4,5
172,2022-10-25 16:58:15,2022-10-25 16:59:15,100,59,2022-10-25 16:59:15,R_2zD5RCG3kZi1Sko,5,,,,,,5,,,,,5,,5,,,,5,5,,5,,,,5,,,5,,5,,,,,,,,,,,14|1|28|7|21|30|12|18|25|19,20,1,1,1,,,,,,5,,,,,4,,2,,,,5,5,,1,,,,5,,,5,,1,,,,,,,,,,,14|1|28|7|21|30|12|18|25|19,5,"1,4,6,8",5,"1,2,3,4,5"
174,2022-10-26 16:46:02,2022-10-26 16:47:29,100,87,2022-10-26 16:47:29,R_10uVyxwcOnzjS0r,4,,,,,4,,,,,,,,,3,,,,,5,,,,2,,2,4,,2,3,,,,,,,,3,,,1|24|27|26|20|29|30|15|6|38,21,1,2,1,,,,,4,,,,,,,,,4,,,,,4,,,,1,,5,4,,3,2,,,,,,,,5,,,1|24|27|26|20|29|30|15|6|38,2,"1,2,8",4,"1,3,4"
175,2022-10-26 16:46:29,2022-10-26 16:47:36,100,66,2022-10-26 16:47:36,R_1EhS5TYQB4P6sNS,,1,,,,,1,,,,,2,1,,,,,1,,,,,,,,,,2,,,,,5,,1,,1,,1,,37|7|28|13|12|18|2|39|33|35,20,1,1,,1,,,,,1,,,,,1,1,,,,,1,,,,,,,,,,1,,,,,1,,1,,1,,1,,37|7|28|13|12|18|2|39|33|35,3,"1,2,6",2,5
176,2022-10-26 16:49:57,2022-10-26 16:51:33,100,95,2022-10-26 16:51:33,R_O1ZY6Kkk31qej5L,5,,5,,,,,,,,,5,,5,,5,,,,,3,,,,,,,5,,,,5,5,,2,,,,,,35|32|16|33|1|14|12|21|3|28,20,1,2,2,,4,,,,,,,,,1,,1,,4,,,,,1,,,,,,,4,,,,4,4,,1,,,,,,35|32|16|33|1|14|12|21|3|28,1,"1,4,8",4,"3,5"
177,2022-10-26 16:53:35,2022-10-26 16:55:00,100,84,2022-10-26 16:55:01,R_1gUfxLxL8I5RVxk,,,,,,,,,,,,,3,,,4,3,4,,,4,4,,,,4,,,,,,3,4,,,,,,4,,33|17|13|39|18|26|16|21|32|22,19,2,2,,,,,,,,,,,,,2,,,3,3,1,,,1,2,,,,4,,,,,,3,2,,,,,,1,,33|17|13|39|18|26|16|21|32|22,4,"1,4,8",2,5
178,2022-10-26 16:56:08,2022-10-26 16:58:18,100,130,2022-10-26 16:58:18,R_1LdkHLyLZneuXnU,,,,,,,,2,,,,,,,5,5,,3,,,,,,,5,,,,,,5,5,,3,,5,,,3,,8|39|18|32|15|34|16|31|36|25,21,1,2,,,,,,,,4,,,,,,,3,4,,4,,,,,,,3,,,,,,2,5,,1,,4,,,4,,8|39|18|32|15|34|16|31|36|25,5,"1,8,10",1,5
179,2022-10-26 16:56:10,2022-10-26 16:58:29,100,138,2022-10-26 16:58:30,R_2164KZcRlwz70pY,5,,5,,3,,,,,,3,,,,4,,,,,,,5,,,,4,,,4,,,,4,,,,,,1,,5|33|29|11|39|26|1|3|22|15,22,1,2,2,,2,,2,,,,,,3,,,,3,,,,,,,2,,,,3,,,4,,,,2,,,,,,1,,5|33|29|11|39|26|1|3|22|15,2,"1,5,10",3,"4,5"
180,2022-10-26 17:10:17,2022-10-26 17:12:02,100,104,2022-10-26 17:12:02,R_D7W9sXqlOg6eTjr,,,,1,,4,4,2,,4,4,,,,,,,3,,,,,,,,,,4,,,,1,,2,,,,,,,18|11|6|8|7|34|10|28|32|4,19,1,2,,,,3,,5,4,3,,4,4,,,,,,,3,,,,,,,,,,5,,,,2,,1,,,,,,,18|11|6|8|7|34|10|28|32|4,3,"1,7",1,"4,5"
181,2022-10-27 16:28:31,2022-10-27 16:30:18,100,107,2022-10-27 16:30:18,R_2zbQWs6N6eFa83I,4,2,,,,,,,,,,1,,,,5,,,,,,,,5,,,5,,,5,5,5,,,,,,,2,,30|27|2|31|39|24|1|12|16|32,20,1,3,3,1,,,,,,,,,,1,,,,5,,,,,,,,5,,,2,,,4,1,5,,,,,,,1,,30|27|2|31|39|24|1|12|16|32,2,"3,4,8",5,5
182,2022-10-27 16:28:59,2022-10-27 16:30:19,100,80,2022-10-27 16:30:20,R_2CWg5S1G7MYmMQZ,,3,,,5,5,,,,4,5,,,,,,,,,,3,,,,,4,,,,,,5,,,,5,,,,4,32|26|10|36|11|5|6|40|2|21,20,1,2,,4,,,4,4,,,,4,4,,,,,,,,,,4,,,,,4,,,,,,4,,,,4,,,,4,32|26|10|36|11|5|6|40|2|21,2,"1,2,4,5,7",4,5
183,2022-10-27 16:28:18,2022-10-27 16:30:28,100,130,2022-10-27 16:30:28,R_3KxxhIgIuatDI3a,,2,3,,5,,,,4,4,,,,2,,,,,,,,,,,,,,,,,,,5,2,,,2,4,,,3|9|5|37|34|33|10|38|14|2,21,1,2,,1,2,,3,,,,2,3,,,,1,,,,,,,,,,,,,,,,,,,3,1,,,1,4,,,3|9|5|37|34|33|10|38|14|2,3,"4,7",2,4
184,2022-10-27 16:29:14,2022-10-27 16:30:35,100,81,2022-10-27 16:30:35,R_3DnEf9Ev3uvN1xV,,,,,3,,,,,,,,,,,,3,,,,,,,3,,,,3,3,3,,3,3,,,3,,,,3,28|32|33|5|17|29|30|24|36|40,21,1,2,,,,,3,,,,,,,,,,,,3,,,,,,,3,,,,3,3,3,,3,3,,,3,,,,3,28|32|33|5|17|29|30|24|36|40,3,"1,4,8",4,"1,4"
185,2022-10-27 16:28:24,2022-10-27 16:30:35,100,130,2022-10-27 16:30:35,R_22Q5f7ASXJpZ2if,4,,,,,,,,,,5,,3,,,4,,,,5,,,4,,,,,4,,,,,,,,5,,5,1,,39|20|38|36|13|28|23|1|16|11,19,2,2,3,,,,,,,,,,4,,1,,,3,,,,4,,,4,,,,,2,,,,,,,,2,,4,1,,39|20|38|36|13|28|23|1|16|11,3,"1,4",5,"4,5"
186,2022-10-27 16:35:44,2022-10-27 16:38:04,100,140,2022-10-27 16:38:05,R_2wLF9hFnW9kIo5M,,,,,,,,,,,,,,,,2,4,3,,,3,5,5,,,,,4,3,,,2,,,,,,5,,,16|17|22|29|32|38|21|28|23|18,20,1,3,,,,,,,,,,,,,,,,5,3,4,,,3,3,4,,,,,4,3,,,4,,,,,,4,,,16|17|22|29|32|38|21|28|23|18,2,10,4,"4,5"
187,2022-10-27 16:38:44,2022-10-27 16:40:45,100,121,2022-10-27 16:40:46,R_31HETcM7Xd3n4le,,,,,,,,,,2,3,,4,,5,,,,,2,,5,,,,3,4,,,,5,,,,4,,,,,,27|26|10|31|22|11|35|13|20|15,20,1,3,,,,,,,,,,1,5,,1,,5,,,,,5,,1,,,,3,1,,,,1,,,,4,,,,,,27|26|10|31|22|11|35|13|20|15,3,"4,7,10",2,5
188,2022-10-28 16:40:51,2022-10-28 16:41:46,100,54,2022-10-28 16:41:46,R_3PS6c0BpyK4sCtm,3,3,,,,,,,,3,,,3,,3,,,,,,,3,,,,,3,,,,,,3,,3,,,,3,,22|10|2|15|13|39|35|27|33|1,20,1,3,3,3,,,,,,,,3,,,3,,3,,,,,,,3,,,,,3,,,,,,3,,3,,,,3,,22|10|2|15|13|39|35|27|33|1,3,"2,3,10",1,"1,2,3,4,5,6"
189,2022-10-28 16:36:20,2022-10-28 16:43:12,100,412,2022-10-28 16:43:13,R_31AdJsoYTrqt5CS,,,,1,,,5,,,5,,,,,,,,,,5,,,,,5,,5,,5,5,,,,,,,5,5,,,38|37|7|27|29|30|25|20|4|10,21,1,1,,,,1,,,5,,,1,,,,,,,,,,1,,,,,1,,4,,2,3,,,,,,,4,4,,,38|37|7|27|29|30|25|20|4|10,1,"1,3,4",4,"4,5"
190,2022-10-28 16:41:47,2022-10-28 16:43:15,100,88,2022-10-28 16:43:16,R_1oFsiM9CzcRpN7T,3,,,2,,,,,,,4,2,,,5,,,,,,,,,,,4,5,,,,,5,,2,,,,,4,,39|27|15|34|4|12|1|32|26|11,20,1,1,5,,,3,,,,,,,4,3,,,4,,,,,,,,,,,4,4,,,,,4,,1,,,,,2,,39|27|15|34|4|12|1|32|26|11,1,"4,6,10",4,5
191,2022-10-28 16:44:11,2022-10-28 16:45:57,100,106,2022-10-28 16:45:58,R_2ZQR4O1DDSZiwqH,,,,3,5,5,,,,,5,,,,,,,,,,,,,4,4,4,4,,2,,,,,,,,,4,,,4|26|29|25|24|27|38|11|6|5,21,1,2,,,,2,2,2,,,,,5,,,,,,,,,,,,,2,2,4,4,,4,,,,,,,,,4,,,4|26|29|25|24|27|38|11|6|5,4,"1,2,4",4,5
192,2022-10-28 16:44:46,2022-10-28 16:46:05,100,78,2022-10-28 16:46:05,R_3fCdKamTBadytNt,,,,4,,,,,,,,2,,,,2,2,2,4,,3,4,,,3,,4,,,,,,,,,,,,,,17|25|12|21|18|19|22|27|16|4,19,2,2,,,,3,,,,,,,,1,,,,3,2,1,1,,1,1,,,1,,1,,,,,,,,,,,,,,17|25|12|21|18|19|22|27|16|4,4,"1,2,4",1,"1,4,5"
193,2022-10-28 16:45:37,2022-10-28 16:47:25,100,108,2022-10-28 16:47:26,R_1r7ySchxFOQkost,,,,,,,2,,,,,,,,,4,1,3,,,,4,,,,,,,4,,,4,4,,1,,,,3,,29|39|17|16|32|7|18|22|33|35,21,1,2,,,,,,,3,,,,,,,,,3,3,3,,,,3,,,,,,,3,,,3,3,,3,,,,3,,29|39|17|16|32|7|18|22|33|35,5,4,1,4
194,2022-10-28 16:46:26,2022-10-28 16:48:09,100,102,2022-10-28 16:48:09,R_12xcbcp0OSfh75s,5,1,,,,,2,1,,,,2,,4,,,,,,,1,,1,,3,,,,5,,,,,,,,,,,,23|7|29|25|14|2|8|12|21|1,21,1,3,2,1,,,,,5,5,,,,4,,2,,,,,,,5,,5,,2,,,,2,,,,,,,,,,,,23|7|29|25|14|2|8|12|21|1,2,"1,4",5,6
195,2022-10-28 16:46:25,2022-10-28 16:48:22,100,116,2022-10-28 16:48:24,R_3P7DGzghRy5GybC,,2,,3,,5,,3,,,,,,4,,,,,,,1,,,,2,,4,2,,,,,,,,,,4,,,27|14|6|28|4|38|2|8|25|21,19,2,3,,1,,1,,4,,1,,,,,,1,,,,,,,1,,,,1,,2,3,,,,,,,,,,3,,,27|14|6|28|4|38|2|8|25|21,2,"1,4,8",4,"4,5"
196,2022-10-28 16:47:46,2022-10-28 16:49:28,100,101,2022-10-28 16:49:29,R_RhoDzdA4W5d70Bj,,,,,,5,3,,2,,5,,4,,,,3,4,,,5,,,,,,,,,,,4,,,,,,,,5,40|17|21|18|32|9|6|11|13|7,30,1,3,,,,,,5,2,,4,,5,,3,,,,2,5,,,3,,,,,,,,,,,4,,,,,,,,4,40|17|21|18|32|9|6|11|13|7,5,3,5,4
197,2022-10-28 16:49:00,2022-10-28 16:50:38,100,97,2022-10-28 16:50:38,R_2TMjzPt8p7CGtcS,,3,,,,,,3,,,5,2,,,5,,,,,,,,,,4,,,,,4,,,5,,,,,5,2,,39|38|12|15|11|30|2|25|8|33,19,1,3,,3,,,,,,3,,,4,2,,,4,,,,,,,,,,3,,,,,2,,,1,,,,,4,2,,39|38|12|15|11|30|2|25|8|33,2,"1,2,4,8",2,4
198,2022-10-28 16:49:50,2022-10-28 16:51:42,100,112,2022-10-28 16:51:43,R_1In4yT9V833zP0v,,,,,5,,,3,3,,5,,4,,4,,2,,,4,4,,,,,,,,4,,,,,,,,,,,,11|15|5|13|20|8|17|9|29|21,21,2,3,,,,,3,,,2,3,,2,,3,,3,,2,,,5,3,,,,,,,,4,,,,,,,,,,,,11|15|5|13|20|8|17|9|29|21,3,"1,4,8",5,"1,4,5"
199,2022-10-28 16:57:15,2022-10-28 16:59:57,100,161,2022-10-28 16:59:57,R_1dFTPzejm5sGko1,,2,4,,5,,5,,,,,,,2,,,,,,5,,,,,4,,,4,4,,,,,,,,,,2,,3|29|5|25|2|20|39|14|28|7,21,2,2,,1,2,,2,,5,,,,,,,1,,,,,,5,,,,,1,,,4,5,,,,,,,,,,1,,3|29|5|25|2|20|39|14|28|7,3,"1,2,4",2,6
200,2022-10-28 16:57:19,2022-10-28 17:00:14,100,175,2022-10-28 17:00:15,R_1qUTuoXsQn7K223,1,2,,,,5,,,,,,,3,3,,,,,,5,,,,,,,2,,,4,,,,,,2,,,3,,36|27|1|2|6|13|14|20|39|30,24,2,3,3,1,,,,4,,,,,,,2,2,,,,,,5,,,,,,,3,,,2,,,,,,3,,,1,,36|27|1|2|6|13|14|20|39|30,1,"2,5",5,"4,5"
